-0.1094361,0.8233709,0.05890668,-0.01829714,-0.09046066,0.8184007,0.4656339,-0.0149367,0.003231234,0.5541991,-0.002218823,0.004710651,-0.06708379,-0.004873703,-0.04927285,-0.1107048,-0.05209359,0.006271651,-0.06026648,0.001842069,-0.01054058,0.007657631,-0.08798988,-0.02672786,-0.06490111,-0.01386834,-0.0458075,-0.05888886,-0.009354971,0.09555306,-0.1283448,-0.1031478,-0.01354021,-0.03797041,-0.1069243,-0.1090153,-0.06882642,-0.06339429,-0.02839904,0.05781649,-0.01068152,0.1194193,-0.03113335,0.01963751,-0.0529567,0.02328861,-0.01107832,0.0204029
-0.1137091,-0.09520739,0.06159832,-0.1113171,-0.02874969,-0.1100767,-0.06876624,-0.08006035,-0.07553408,-0.06136744,-0.08165674,-0.1178284,-0.08652445,0.01680882,-0.02293904,-0.1135289,-0.0866655,-0.07696488,-0.08385293,-0.03501982,0.6744938,0.0270469,-0.05677741,-0.1113079,1.192032,0.6470343,-0.1415174,-0.03873567,1.902163,1.172953,-0.01829297,-0.08031583,1.68838,1.342963,0.02882743,0.05059853,1.636658,0.1233756,0.1945469,-0.03865073,0.0557075,-0.01889642,-0.03700922,-0.04114839,-0.03725754,-0.0622021,0.05571456,-0.08001759
-0.05865541,-0.009884134,-0.09821354,-0.1006482,-0.1473571,-0.1149161,-0.1313837,-0.06876936,-0.05147455,-0.06709472,-0.02067967,-0.1725595,-0.07578299,-0.1468388,0.1257663,-0.1127184,0.0345537,-0.06977455,0.4159244,-0.06676291,-0.07603294,-0.124959,0.05741934,-0.0750581,-0.1709647,-0.1780139,0.482066,0.05921718,-0.05855636,0.09811024,0.9475206,0.4685821,-0.1028981,-0.1059413,0.553594,0.9058874,-0.007593306,-0.09239186,-0.04836721,0.04929865,-0.01878832,0.1126714,0.08277623,-0.06062994,-0.04008999,-0.02585455,0.02808992,-0.04885092
-0.1090992,-0.07623704,-0.1028998,-0.08409871,-0.07368644,-0.06119511,-0.1023103,-0.120242,-0.005887593,-0.1074208,-0.03321809,-0.05297537,-0.09622367,-0.01997156,-0.1018631,-0.09199466,-0.05555937,-0.07817598,0.2941659,0.03139411,0.005846874,-0.04921282,-0.04356176,-0.06483044,-0.1325934,-0.08962285,0.762288,0.3558987,-0.03742831,-0.06288262,-0.006969801,-0.005345494,0.03270754,0.006688098,-0.05425139,0.03934729,-0.02387271,0.05023415,0.01160914,-0.092438,-0.005901405,0.07847472,-0.04284535,-0.03908611,-0.02375071,0.0002104864,-0.07131688,-0.001728794
0.0751551,-0.09888071,-0.06124468,-0.08569299,0.1143245,-0.05166838,-0.05632,0.2138455,0.9535265,-0.1329779,-0.1097004,0.4866285,1.536154,-0.08514962,-0.023725,0.8990494,1.229216,0.09783854,0.05551167,0.4298881,1.065486,0.307772,0.2283567,0.7513223,0.9978614,-0.0250305,-0.1482974,0.3828588,0.9085839,0.02651223,-0.1263908,-0.04891722,0.01378629,-0.03812034,-0.003521259,-0.01215481,-0.06279512,-0.056721,-0.04897249,-0.05151372,0.01987373,0.01483913,-0.006132829,0.06909104,0.08468025,-0.003865464,-0.03324752,0.01241755
-0.07279883,-0.06677803,0.4723708,-0.1171905,-0.1432402,-0.03434791,-0.04769819,-0.1398882,-0.08172138,-0.09104983,-0.04668235,-0.1493777,-0.08384279,-0.113367,-0.1371003,-0.07181633,-0.09798853,-0.05888182,-0.1472546,-0.09042798,-0.07253946,-0.01321955,-0.1102945,-0.05444697,-0.05312444,-0.07059483,-0.08294649,-0.1304176,-0.06073537,0.004338005,-0.07320045,-0.08716197,-0.04524473,-0.1157557,-0.06636213,-0.02627627,-0.03883837,-0.06359585,0.01253669,0.0007286176,-0.02194299,0.3388805,0.1014505,0.1231881,0.0624378,0.1477977,0.04395915,0.008270964
-0.1624326,-0.1450062,-0.1073063,-0.1065062,-0.08544999,-0.117679,-0.1042865,-0.114627,0.2892274,-0.1467579,-0.1666031,-0.1793498,-0.134729,-0.1351739,-0.1401252,-0.1343915,0.173426,-0.155151,-0.1145944,-0.1657033,-0.1045861,-0.06020253,-0.1539102,-0.1831064,0.07727666,-0.1473249,-0.0853821,-0.1526798,-0.04426631,-0.1253992,-0.2114253,-0.1521534,0.02321885,-0.1431573,-0.06225969,-0.01488284,-0.09713474,-0.02120063,-0.1053014,-0.06565367,0.03485906,-0.008565034,-0.03540667,0.02865162,0.03070933,-0.01821018,0.01723495,0.0002084084
-0.06126655,-0.07160472,-0.03998249,-0.1126317,-0.01913078,-0.1087658,-0.1006731,-0.04444353,-0.1498013,-0.03979589,-0.05861478,-0.01059171,-0.1120836,-0.06778722,-0.1126278,-0.1143245,-0.07139993,-0.07252212,-0.03473626,-0.03296708,-0.03207194,-0.05588203,-0.06001313,0.34111,0.925293,1.477154,1.226009,0.03407729,0.2761597,0.009200059,0.05272616,0.8160285,1.060202,0.2365731,0.05657542,-0.01335444,0.05264096,-0.03683693,-0.02268391,0.1299125,0.01694746,-0.00423828,0.008386728,0.03150053,0.011195,-0.05567043,0.02870092,-0.007124847
-0.1230945,-0.07488737,0.03453775,-0.1086867,-0.1172673,0.03905947,0.07905547,-0.1042555,0.008710994,0.1959874,0.4204684,0.04641415,0.03364543,0.2816531,0.3774255,0.7093685,0.5630912,0.7552512,0.923494,0.9891344,0.5863574,0.5619467,0.581688,0.7029866,0.8946562,0.8344533,0.5202339,0.7044889,0.3793418,0.144311,0.1421432,0.1796706,0.1708739,-0.06160256,-0.03393133,-0.08992359,-0.1231684,-0.01383228,-0.06655194,-0.1096555,-0.0456785,-0.09791188,-0.1006741,-0.0307407,-0.01377959,0.01127338,-0.08523531,-0.02276231
-0.08614106,-0.008813983,-0.0616382,-0.08201865,-0.009415961,-0.01873754,-0.1378584,-0.03387544,0.01965279,-0.05361322,-0.1236728,-0.01209723,-0.06601338,-0.03210244,-0.1013402,0.02364888,-0.09372818,0.06033933,0.02574624,-0.02810487,-0.02837561,0.06048427,0.04159609,0.3880053,0.4522504,0.8254391,0.6135452,-0.06599026,0.03749581,-0.05694197,0.1076396,0.7512096,0.5920542,0.2097759,0.03436464,-0.002888598,-0.06004326,-0.01801218,0.05321914,0.0030591,-0.0644832,-0.04968212,-0.002386116,0.03071437,-0.02355443,-0.01383675,0.06062199,0.1067274
0.06422634,-0.02611351,0.6019579,-0.05040247,-0.01601987,-0.05635919,1.410218,-0.05581364,0.02826125,-0.01628423,0.5676392,-0.01115625,0.04089543,-0.1142526,0.5131518,0.04040376,0.008832109,-0.01084921,0.3119633,-0.1022958,-0.08268344,0.03681837,0.1330193,-0.1060743,-0.1287124,-0.0134472,-0.09222534,-0.02253334,-0.1234136,-0.1340171,0.01612317,-0.1256247,-0.01535826,-0.0406012,-0.08838145,-0.05374502,-0.04063803,-0.0483094,-0.02214805,-0.04316625,-0.01216163,-0.02369775,-0.03655007,0.04678725,-0.02049168,0.02719975,-0.002002032,0.1416086
-0.06561352,-0.1069787,-0.07937862,-0.03177987,-0.2003553,-0.07220357,-0.0383107,-0.01598313,-0.09794094,0.003596287,-0.08745568,0.001637577,-0.1526953,0.01107332,-0.05897556,0.1756037,-0.04645615,-0.04399,-0.04202653,0.03366708,-0.07972472,-0.09045833,0.4157045,0.9766824,-0.005844849,-0.04809714,-0.02965141,-0.008502097,0.01724873,-0.08822271,-0.008967074,-0.07177438,-0.07082845,-0.08631469,-0.05330937,-0.04893576,-0.09647986,-0.03058367,-0.02378292,-0.07705068,0.03991105,0.02533488,-0.02494095,0.04301767,-0.06312843,0.1214854,-0.02666673,-0.04381798
0.1258179,-0.1429481,-0.009073718,-0.004603966,-0.02943146,-0.09661831,-0.09392474,-0.1068268,-0.06294409,-0.1253797,-0.0977447,0.01115763,-0.1215721,0.1378907,-0.08497065,-0.07627694,-0.1862151,0.3871297,-0.04108538,0.01572927,0.7492282,1.080414,-0.1298486,-0.1299773,0.4489821,0.5327041,-0.1406276,-0.09756787,0.6531564,0.6255509,-0.06244104,-0.1124268,0.6245872,0.4884091,-0.1557839,-0.03038199,0.4910767,0.2006472,0.03555928,-0.02574489,-0.0248953,0.06142303,-0.03050757,0.02184336,-0.06468283,0.1113402,-0.01500739,-0.09512637
0.3524243,-0.05773274,0.05690074,-0.08239375,0.406824,-0.0684297,0.06833564,-0.07545334,0.2219171,0.02807677,-0.02038683,-0.06309886,0.05335356,-0.06397463,0.433158,-0.1046149,-0.05518283,-0.03403423,1.40665,-0.02710528,-0.09504835,-0.07771884,0.6219493,0.003898776,-0.09856576,-0.10134,0.3887143,0.1988923,0.03044834,-0.0492967,0.02980883,-0.05020282,-0.166939,-0.01641205,0.1207346,0.2527812,-0.0741094,-0.01669316,-0.009663565,0.02486409,0.02879,0.06425434,-0.05084382,-0.105455,-0.04238306,0.1088315,0.07479014,0.02436172
-0.02694914,-0.03286201,-0.03530644,0.02756898,-0.03148112,-0.09259938,-0.06589327,-0.08198969,-0.05599754,-0.0608185,-0.06373741,-0.1086441,-0.06839429,0.015704,-0.04829439,-0.09822618,-0.076133,-0.08336709,-0.06710239,-0.118892,-0.03888394,0.1036292,-0.03974474,-0.06216211,-0.02798946,0.04093444,0.04988474,-0.04601231,0.4505278,0.5511494,-0.04808083,0.018239,0.4961858,0.6454717,0.322727,0.3484307,0.5664285,0.1457494,0.08491505,0.1826673,0.3740192,0.1605391,0.04766367,0.150989,0.02683448,-0.0318801,0.07157805,0.03222563
0.1212472,-0.05924476,-0.03911284,-0.09239582,0.01533803,0.03232621,0.04800814,-0.01172511,0.3593343,-0.05449291,-0.05290093,0.006850447,0.02841755,-0.1011019,-0.02034065,-0.06321868,0.00453218,-0.1100115,-0.07305516,-0.0208996,0.005558333,-0.01606774,-0.02467518,-0.04738991,-0.1454785,-0.07165942,0.01151236,0.01608236,-0.04489236,-0.1060532,-0.08502708,-0.0735008,0.0007975519,-0.04249142,-0.06116475,0.08452728,0.02189748,0.1295211,0.05082013,-0.029603,0.09948619,0.01906874,0.01642319,-0.01624535,-0.04006444,-0.01823753,0.08350249,-0.02061081
0.02291894,-0.1617182,0.0008415878,0.05233628,0.01729526,-0.03890807,-0.07255626,0.03081335,-0.0260914,0.002608673,-0.01961224,-0.01761117,-0.0467833,0.02872926,-0.07044951,-0.001702379,-0.07413988,-0.06375878,-0.062564,-0.007659531,-0.08615205,-0.09637193,-0.06449439,0.03237591,-0.008039953,-0.001056384,-0.03374607,0.0935528,-0.1202177,-0.03409092,-0.1467196,-0.08996348,-0.0130993,0.05345646,0.08926907,0.01840329,0.1786893,0.3493086,0.7120105,0.4695245,0.2726426,0.1159299,0.09303327,0.2802012,0.01783809,0.09251274,-0.04266017,0.07599957
0.002542036,0.1179071,-0.1153489,0.01057811,-0.1260087,-0.03673789,-0.1017847,0.3573873,-0.1234083,-0.007924532,-0.03752824,0.8474642,-0.004303059,-0.09372263,-0.1238105,0.7038541,-0.1134348,-0.1257591,-0.07351893,0.3569162,-0.07267208,-0.01184286,-0.0812123,0.4094609,-0.0358366,-0.09313233,-0.01225422,0.04482767,-0.07980528,-0.1720483,-0.03265671,0.08097438,-0.05310752,0.00770851,-0.006967075,-0.01204671,-0.1106638,-0.04756689,0.06448252,0.02808747,-0.03307632,-0.05187439,0.007600522,0.1170963,0.01566499,0.03203002,-0.04416757,-0.005356667
0.07625214,-0.08144338,-0.0654421,-0.08741715,-0.04336349,-0.06578678,-0.123964,-0.04282609,-0.06987776,-0.05684944,-0.04150458,0.003376436,-0.08351749,-0.09487564,-0.05728392,-0.03448091,-0.02499869,-0.07232471,0.02827773,0.5850497,0.04290079,-0.04792976,0.07640457,0.07853196,-0.05841096,-0.1834748,0.1819213,1.047038,0.3327416,-0.09817738,-0.03861771,0.3818014,0.1187435,-0.003597001,0.2021919,0.5416589,-0.07083383,-0.0121151,-0.07865084,-0.0431301,0.0324652,-0.03444926,-0.0185908,0.04203054,0.05408891,0.03718223,-0.03280509,-0.04875011
-0.08105803,-0.03039234,-0.0393118,-0.1056275,-0.003268976,-0.08787486,-0.05590182,-0.006950263,-0.1452226,-0.001369576,-0.06184358,-0.06232095,-0.08355998,-0.06752492,-0.1317524,-0.08627732,-0.04321141,0.1677943,-0.02033102,-0.01294963,-0.06215395,0.4445177,0.04810592,0.03708085,1.295362,1.096991,0.03601395,0.2107949,0.4192941,0.3214099,-0.00744116,0.05014255,0.6326531,0.2175158,-0.03390628,-0.02507325,-0.02317749,-0.09347365,-0.05483264,-0.04519988,-0.04443309,-0.01289461,-0.01330099,-0.004355661,-0.03932346,-0.0403091,0.02028806,0.01502348
-0.1009842,-0.03124354,-0.01176465,-0.1062733,-0.02372542,-0.0301554,-0.03815133,-0.1206476,-0.02036633,-0.009132496,-0.04640519,-0.0166984,-0.03908356,-0.01574451,0.01476213,-0.1335675,-0.01365174,-0.05392558,-0.03080672,-0.03496153,-0.04957298,-0.005350303,-0.09262074,0.08402567,0.1804493,0.1103805,-0.02764078,-0.1239155,0.7575832,0.4754629,0.02114887,0.04089376,0.8511311,0.5221165,-0.01139799,-0.06854395,0.8463407,0.1938238,0.07367224,0.1429133,0.0357272,-0.001603617,0.01559681,-0.03034614,-0.0122848,-0.06848556,0.002686984,-0.01331318
-0.1029851,0.02791842,-0.04368123,-0.05061596,0.04723618,0.03794589,0.0110842,-0.006590254,-0.03992432,-0.01631427,0.1233765,-0.05000644,-0.07376812,0.01862836,0.0729028,-0.0001433514,-0.01467625,0.05253534,-0.01512856,0.06200832,0.01586612,0.4815624,0.2155182,0.435974,0.934504,1.04273,0.901186,0.5504019,0.7816772,0.6923357,0.3757897,0.7325575,0.8045356,0.6286008,0.1922638,0.1964785,0.09132779,-0.03037114,0.04643052,0.03896801,-0.04739082,0.05733794,-0.02784353,0.00532242,0.06171146,-0.02898329,0.0694402,-0.01668233
-0.01483019,-0.02196332,0.01097577,-0.003744826,-0.0550593,0.01270079,0.01798268,0.06123363,0.2260593,0.05249384,0.019557,-0.07448952,0.6649147,-0.00966875,-0.05814343,-0.08130179,0.1462022,-0.0548807,-0.06801601,-0.05991782,-0.01521042,0.01851792,-0.1258249,-0.1688465,-0.1550882,-0.1496619,-0.07696526,-0.05357502,-0.1022992,-0.02003847,-0.09898846,-0.176549,-0.0982044,-0.1237018,-0.1293226,-0.07753496,-0.07074009,-0.05433778,-0.008053388,-0.05821201,0.05946299,0.07398876,-0.003554095,-0.05462361,-0.01521274,0.04248587,-0.05123809,-0.07188022
-0.006216196,-0.03236789,0.1623986,0.4034742,-0.06852908,-0.06857482,-0.1403224,-0.07418092,-0.01978784,-0.06808194,-0.02853488,0.2171858,-0.123228,-0.1502256,0.03702868,-0.02474285,-0.09962,-0.02392318,-0.02721981,0.05600398,-0.03563233,0.02306535,-0.07364751,0.02124458,-0.05484085,-0.03018509,-0.02892453,0.2846248,0.03261699,-0.04391053,0.01951372,-0.1112301,-0.1310275,-0.08192422,-0.01744954,-0.08775592,-0.08556169,-0.01371262,-0.1008723,-0.1042984,-0.06308093,0.02363496,-0.01621611,-0.07737365,0.01602003,-0.0383871,-0.005872375,0.1040654
0.00375416,-0.05810031,0.04601573,-0.07752891,0.02426464,0.0237381,0.1041746,-0.07380442,-0.08467064,-0.07373817,-0.08721615,-0.02833576,-0.04005928,-0.1188415,-0.1207014,-0.1292458,-0.06387573,-0.1420135,-0.1188579,0.02127562,-0.1301933,-0.087201,-0.05754311,0.02585805,-0.09087608,-0.1252075,-0.03246976,-0.05426685,-0.1147177,-0.007423201,-0.129059,-0.1630521,-0.05434353,-0.1428939,0.06532663,-0.01578454,-0.05011554,0.006919222,0.3631831,0.2727343,0.1682105,0.0785128,0.1637011,0.3559318,0.005008918,-0.01450088,-0.001540748,0.01647519
-0.03676818,-0.01320485,-0.09644626,-0.107495,-0.08472434,-0.07039893,-0.09213912,0.004235925,-0.0438611,0.002303372,-0.1126849,-0.09678657,-0.03683637,0.03373054,0.005408308,-0.09466334,-0.08090349,-0.05300644,-0.1747319,-0.03575487,-0.04097636,-0.0768773,0.06612481,-0.0988158,-0.07061622,-0.09659748,0.02988061,0.01986582,-0.03442119,0.1331215,0.6706696,0.03194049,-0.05154198,0.1468661,0.1805569,0.1587675,0.4887977,0.4888543,0.2972459,0.3676015,0.1530623,0.07782132,0.01196292,0.08031251,0.001333769,0.005384353,0.09100579,-0.01330624
-0.1557883,-0.1240172,-0.03564928,-0.08234841,-0.04351907,-0.1312292,-0.06701864,-0.06118569,-0.1348315,-0.04897578,0.02941535,-0.1000264,-0.05643325,-0.08571093,-0.002682146,-0.1105424,-0.06369507,-0.1215661,0.7105231,0.01219019,0.0564033,-0.05698325,0.1067034,-0.03316105,-0.06868665,-0.1009403,0.6592408,0.4403854,-0.01245545,-0.01215831,0.1112945,0.1870558,-0.02077685,0.08341517,0.1214437,0.1020535,-0.0935701,-0.08442783,-0.1063787,-0.03430589,-0.06118233,0.05916973,0.01347335,0.01900977,0.0310972,0.0254091,-0.05595943,0.005820393
-0.1444925,-0.005800836,-0.0002086233,-0.02147515,-0.1130101,-0.07004934,-0.0627105,-0.02163673,-0.03006346,-0.1668101,-0.09235062,-0.06016976,-0.06193428,-0.09518819,-0.006593993,-0.05429826,-0.09433745,0.1810564,0.1056547,0.001954775,-0.0006775621,-0.005038741,0.04124979,0.5401316,0.2072302,-0.009064311,0.01916735,-0.04407834,-0.009388147,-0.01350807,-0.04107446,0.03969678,-0.004813385,0.002309684,0.0357927,-0.0008522033,-0.04295806,0.02722761,-0.012718,-0.04839566,-0.01571505,-0.01888375,-0.07216202,0.06765294,-0.01834467,-0.05892353,-0.01358942,-0.06368754
-0.08426048,-0.05465361,-0.03748994,-0.04691516,-0.06021742,-0.1219951,-0.04837608,-0.07602016,-0.06136916,-0.02531238,-0.05781217,-0.03863539,-0.05271609,-0.1488767,-0.01398384,-0.112021,-0.02262879,-0.03570611,-0.02446411,-0.02275012,0.06967344,0.01173407,0.03791559,0.3547776,0.336839,0.9478366,1.08102,0.1833058,0.216508,0.2127848,0.3185519,0.8471278,0.79533,0.4455656,0.7131586,0.5265602,0.1168527,0.1055672,0.09239675,0.01840989,-0.004315035,0.02959941,0.005131378,0.04281316,0.06198705,-0.002486059,0.04536726,0.0006621472
-0.004821141,0.09658189,-0.02660865,-0.03233394,-0.04412662,0.4882046,0.05208013,-0.05700986,-0.01682077,0.6391952,0.04368639,-0.1324547,-0.03303192,0.4831866,0.06213327,-0.02861078,-0.04179023,0.4806914,0.05253017,-0.1419712,-0.007352702,0.0974075,0.01248972,0.001905838,-0.05485728,0.2671968,-0.006040172,-0.1047266,-0.08066693,-0.029286,0.03558931,0.06063436,-0.02385316,0.0553665,0.07015799,0.09724066,-0.02661739,-0.02576217,-0.03863126,-0.02073668,0.05093601,-0.07429327,-0.02477647,-0.03572584,0.0131104,-0.04412796,0.05374389,-0.03528105
-0.03774658,-0.08250288,0.04508071,-0.0352351,-0.1049585,-0.01276145,-0.02926924,0.09952354,-0.09516676,0.02705857,-0.08782598,-0.01692101,-0.07614671,-0.06727125,-0.05137652,-0.04134896,-0.02053919,-0.05146158,-0.01364598,-0.08937518,0.02916802,-0.02215446,0.1026016,0.925639,0.9265897,0.8613459,0.5580969,0.02304735,-0.04758385,0.03835582,0.2671832,0.9346339,0.3667702,0.2461096,-0.005722238,0.03239961,-0.1103566,0.002638957,-0.004458972,-0.1084701,-0.007882861,-0.06891597,0.05524609,0.03245594,-0.05004619,-0.009586443,0.006702773,-0.01133802
0.1936405,-0.1120293,0.05979582,0.1282446,0.0318728,0.08874025,-0.1827945,0.0001107316,-0.0528095,-0.09882466,0.01487637,-0.04863494,-0.0638537,-0.1156015,0.03343035,-0.03973687,-0.04965074,-0.09185594,-0.09603368,-0.1167647,-0.02417626,-0.0862423,-0.1331982,-0.02330459,-0.04280402,-0.04331303,-0.03746324,-0.01006091,-0.09177829,-0.01856817,0.02313524,-0.1168211,-0.04878992,0.05450756,0.21121,0.2200734,0.2272091,0.5152931,0.5405943,0.6308153,0.7188808,0.2163688,0.3794028,0.3465517,-0.03646212,0.003640217,-0.01865488,0.0760387
-0.08380024,0.03672668,0.009570521,-0.003361098,-0.02156778,-0.00981368,0.1079689,-0.05865537,-0.01506932,-0.05789597,-0.05663271,0.00956996,-0.05522594,0.03985858,0.01803249,-0.02437537,-0.05477069,0.06729694,-0.09866127,-0.02462121,0.0714642,-0.05524152,-0.01297837,-0.05848138,-0.08748889,-0.02957,-0.06544153,-0.1080716,-0.01432709,0.05432843,0.1657505,-0.04425219,0.09733586,0.1769104,0.09104724,0.04023289,0.3649635,0.1622407,0.4419354,0.2609605,0.06837402,-0.04725411,0.02217333,0.02520824,0.02064689,0.000639052,0.0250116,0.05442917
-0.08437783,0.03127072,-0.03976892,0.01554576,-0.08068403,-0.03509241,0.05120149,-0.07594471,-0.06357078,-0.1276725,-0.05690581,0.007559888,-0.08345226,-0.007726493,-0.01854437,-0.03205764,-0.07650536,-0.08242055,-0.03047324,-0.0159391,-0.08917557,-0.09979475,-0.05622683,-0.05188723,-0.07573707,-0.09821291,0.4140753,-0.08155499,-0.08740433,-0.06205565,-0.01976069,0.06823403,-0.06427396,-0.0444536,0.2993861,-0.02335995,0.04200125,0.1268199,0.09114323,0.1005551,0.1375117,0.04019344,0.1010943,0.04429612,-0.02877361,0.04368513,-0.02804692,-0.002647122
0.3239773,-0.0453269,-0.1187399,-0.06759879,0.05907407,-0.1177361,-0.04708705,-0.01547879,0.4004899,-0.1125707,-0.03124908,-0.1258377,-0.0624857,-0.08133666,-0.1065874,-0.0836356,-0.02777334,-0.0563498,-0.03370767,-0.09165149,-0.07215385,-0.05584135,-0.05296307,0.01153998,0.01281499,-0.05486656,0.05705584,-0.07074007,0.02169617,0.07822563,0.01110428,-0.07022567,0.07565214,-0.003426305,-0.03972847,-0.04019292,0.03242315,0.02495336,0.01479919,-0.02909825,-0.01139541,0.04526813,-0.03065896,-0.009466475,0.1133086,-0.008026406,0.03803624,-0.06496169
0.1730888,0.3193899,0.6457391,0.09710874,0.1331145,0.2631623,0.5869964,0.1371757,0.007450332,-0.0484783,0.07103361,-0.01709644,-0.08760543,-0.1048731,0.03758111,-0.0865095,-0.06382491,-0.0006850936,0.01923867,0.05913062,0.03102199,-0.0383197,0.0004208982,0.07197385,-0.05381172,-0.03809016,0.00728407,-0.01155634,0.02465085,-0.04667511,-0.003049999,-0.0338853,0.05089627,0.03254541,0.1114973,-0.002336094,0.0068731,0.1596821,0.1627906,0.1973801,0.1088542,0.1125236,0.04152481,0.0688699,-0.07496206,0.01998428,0.02605504,-0.0162409
-0.04203992,0.05003387,0.05396143,-0.004176273,0.02330744,-0.03386037,0.02522422,-0.04344366,-0.03048353,-0.06943409,-0.04719853,-0.0157113,0.01105128,0.006615751,0.05404371,0.3749661,0.001526579,0.1980026,0.1417437,0.4776831,0.2106503,0.1659556,0.5261103,0.8504616,0.6582121,0.1693429,0.1478749,0.5143175,0.2840125,0.08852102,0.07169123,0.6119581,0.1546479,-0.05316122,0.02302195,0.2425641,0.006167449,-0.07518847,0.05867087,0.002285068,0.01578883,0.01950359,0.04429269,0.08132896,0.04145725,-0.08315043,-0.1420314,-0.04724609
-0.002565979,0.03323344,-0.03682346,-0.05286363,-0.1413132,0.2988762,-0.04513357,0.05540817,-0.10564,0.6691959,-0.09174,0.0852116,-0.07264411,0.6441269,-0.05905243,-0.0185311,0.05207979,0.2797594,-0.09692211,0.1187712,-0.1131232,0.001111099,-0.0486708,0.0319589,-0.05336412,-0.1068267,0.003474545,0.02166589,-0.03761827,0.002678618,-0.004407181,0.08105718,-0.07200924,-0.04619594,0.07768376,0.04391297,-0.03016661,0.02547438,-0.09209841,-0.06800792,-0.113771,0.03893165,-0.02621254,0.08132543,-0.06745129,-0.03935806,0.02060141,0.06800721
0.01745228,-0.04355335,-0.09704976,-0.06325487,-0.1317631,-0.0006343484,-0.03183043,-0.05752375,-0.09161894,0.04944098,-0.07945382,-0.02031873,-0.05009846,-0.09838672,0.1234298,-0.1849086,-0.04815838,-0.01490961,0.4495023,-0.0267798,-0.08055772,-0.1217259,0.1908444,-0.01527502,-0.02444239,-0.05384909,-0.1037163,-0.1552094,-0.06821443,-0.009138869,-0.03754165,-0.05737763,-0.01189703,0.01439273,-0.08323792,-0.1146391,-0.02696295,-0.03344705,-0.1648488,-0.03351304,-0.07193963,0.01089089,0.08044833,-0.04540808,0.01648372,0.001505277,-0.1421682,0.003042854
0.02546196,0.02553941,-0.1489126,-0.04764063,0.1218112,-0.04945796,-0.05290476,-0.07020292,-0.01249878,-0.08808094,-0.004506593,-0.0577603,5.471781e-05,-0.1317616,0.43364,-0.0939917,-0.04346869,0.03961751,0.5158466,0.04775106,0.1800914,0.08454417,0.3124546,0.1411112,0.09161568,-0.0377342,0.2340272,0.1007085,-0.04510353,-0.02565851,0.1246329,0.1515229,-0.09828564,-0.1285447,0.1081478,0.0002902858,-0.03502801,-0.1037382,-0.04520186,-0.01450623,0.04085643,-0.06859855,0.02649724,0.04479953,-0.02223523,0.1068471,0.02464671,0.02319272
-0.003590866,0.07088476,0.04549396,-0.01538097,-0.03906162,0.09613608,-0.05569826,-0.08208771,0.04345873,0.0390211,0.08161058,-0.04800013,0.04374485,0.005300882,0.02718859,0.1239168,-0.02164883,0.02480459,-0.01479983,-0.02841209,0.04487283,-0.07651947,0.1208171,0.5349166,0.255125,-0.01341846,0.1239484,0.07959571,0.08751933,0.1470705,0.2496881,0.6409007,0.3806306,-0.007412018,0.1062846,0.1439824,0.02058599,0.1480437,0.05982948,0.1432492,0.07873426,-0.04509318,-0.08132815,0.1194263,0.02663631,0.02947562,-0.04447865,-0.1382972
0.2503052,-0.07291636,-0.07971084,0.001356302,0.07461978,-0.01793262,-0.1238977,0.1234484,0.3182828,-0.05960146,-0.0376384,-0.1652563,0.6122744,-0.0319641,-0.03685434,0.01819663,0.3784008,0.006469469,-0.06976558,0.0005614996,0.07733815,-0.03467793,0.1026857,0.01904934,0.07200299,0.06409246,0.05673196,0.02224308,-0.03518752,-0.09431138,0.04181029,0.02246523,-0.02036514,-0.09385149,0.1076244,0.03534391,0.05160896,-0.01756721,0.00804577,0.0002709657,-0.007305651,-0.1090937,-0.04475084,0.02122035,-0.0002819087,0.06873123,0.09912403,-0.06492485
0.01516546,0.03681605,-0.02288332,-0.09884932,-0.002586968,0.09176351,0.1016084,0.0232829,-0.008793195,-0.065938,-0.05202641,0.00487646,-0.06757069,-0.01399346,-0.09539597,-0.01152427,0.06769345,0.009170041,-0.002792037,-0.005105205,0.4177403,0.007263368,0.04054979,0.02585864,0.06221071,0.03030491,0.048653,-0.0559622,0.03305479,-0.003761702,-0.08705591,0.002231392,0.1481213,0.09084648,-0.02570409,-0.07827084,-0.008881646,-0.06157674,0.006453427,-0.02734396,-0.07682092,-0.02398775,-0.02073131,0.01881301,0.03248403,-0.04286274,-0.001713341,-0.06015067
0.04223648,0.03210974,-0.0924527,-0.06583695,-0.006828451,-0.009461565,-0.03858393,-0.04744131,-0.010596,-0.03021186,-0.00126065,0.03778963,-0.05631057,0.01030447,-0.03364084,-0.03146184,0.04258866,0.1268094,0.053086,0.05187132,0.08675601,0.3015278,-0.08256505,-0.1733724,0.4751088,0.4576938,0.04973965,0.02852285,0.2551337,0.3770548,-0.02624731,0.03450822,0.1952152,0.2621297,0.01110886,-0.001387698,0.1377431,-0.0702341,-0.01196972,-0.03974714,-0.03821175,-0.03268903,0.03780604,-0.07886444,-0.06512426,-0.002217896,0.01204923,-0.03316032
0.00416064,-0.06200076,-0.00378366,0.1057595,0.06381897,-0.09620723,0.0001911044,-0.003197486,0.05486671,0.1286141,0.1600481,0.08871814,0.3085944,0.3655991,0.2136464,0.2248815,0.4090142,0.2826069,0.3032401,0.1210814,0.3337217,0.2918366,0.2404733,0.04541899,0.1850189,0.293989,0.3371872,0.3633747,0.2725784,0.1828307,0.2716977,0.1572988,0.1569365,0.1154541,0.3493167,0.2046812,0.2311351,0.3033845,0.3053733,0.3513437,0.1530556,-0.028155,0.0414016,0.1234345,0.01786266,-0.06906651,0.01972118,-0.004527984
-0.06021198,-0.05531965,0.001918024,0.01055499,-0.06136365,-0.09183252,-0.08783174,-0.1184132,-0.1392152,0.01302796,-0.05755837,-0.06784472,-0.1608852,0.1680793,-0.03091287,-0.07603954,0.008504502,0.3329788,-0.03607961,0.08684281,0.1612228,0.5760303,0.0233953,-0.02179733,0.04671332,0.08722797,0.1631352,0.1221383,0.166022,0.06468257,-0.05314608,0.03598386,0.1527207,0.1825849,0.1272809,-0.03753957,0.2846851,-0.01164894,-0.05780324,0.03371752,-0.08469873,-0.07586297,0.008775422,-0.004433048,-0.07983463,0.01538534,0.04548873,-0.03516992
0.01780546,-0.04706725,-0.003375155,-0.02197865,0.01074534,0.01974528,0.03054825,-0.03647093,0.03849726,0.00964216,-0.03006952,-0.06826071,0.03080249,-0.02514152,0.1957447,-0.04341395,-0.03496205,-0.01288357,-0.08766143,-0.1451931,-0.03747669,0.00980514,0.038493,-0.08792992,-0.04169878,-0.1680487,-0.07431039,-0.1521801,-0.08482285,-0.01492286,-0.05920345,-0.04550418,-0.06780352,0.229654,0.1371238,0.2469435,0.3491659,0.6550341,0.5076671,0.5271881,0.370988,0.1832661,0.4776718,0.4420841,0.007308719,0.0008095801,0.09025282,0.1242179
0.006255977,-0.1472522,0.04187141,-0.05026129,0.05675387,0.04783849,-0.0387331,-0.1269592,-0.05756395,-0.07567565,-0.01927317,-0.06264925,-0.05661573,0.01984955,-0.06528912,0.01958515,-0.06707615,-0.08322968,0.0249066,0.04916826,-0.004819339,0.02326625,0.05617781,0.03294454,0.03368935,-0.009445011,0.2519246,0.2507045,-0.03452051,-0.01625428,0.5409323,0.6447774,0.04240585,0.1622585,0.4081092,0.45784,0.1386702,0.1372066,0.4059168,0.3384981,0.06126901,0.02510231,0.02215816,0.1555136,-0.02649025,-0.003514466,-0.02840315,0.02998662
0.1266827,-0.0695986,0.08389121,-0.05094053,-0.03762325,0.001154897,-0.1414361,-0.05566041,-0.06726946,-0.03029975,-0.02931845,-0.1481751,-0.1078925,-0.1638559,-0.06458836,-0.0002199173,-0.03133249,-0.1674204,-0.07518257,-0.05168098,-0.02574326,-0.1609041,0.01143409,-0.1655183,-0.1444014,-0.1149001,-0.03947622,-0.09336399,0.001292299,0.03660522,0.2651887,0.2671804,0.0664387,0.5112774,0.5344414,0.483614,0.6115369,0.4465116,0.5549334,0.5789876,0.320141,0.1779559,0.3094605,0.2911048,-0.02795043,0.06319753,-0.07058851,0.05901679
0.1161099,0.3085645,-0.1306782,-0.02693443,0.1535954,0.1428417,-0.1408119,-0.1624066,-0.04962462,0.001530285,-0.1043095,-0.1037502,0.02499114,-0.08530758,-0.1884566,-0.1637661,-0.02890799,-0.06510082,-0.01882725,0.0007104554,-0.0607997,-0.03391553,0.04076822,-0.07962383,-0.05662872,-0.07746835,-0.102134,-0.02153583,-0.1174825,0.02106874,-0.04571456,0.06151062,-0.02570692,-0.1775202,-0.04668194,-0.0423842,-0.004307389,-0.04314641,0.2100618,0.05082928,0.03729003,0.04164142,0.05285513,0.07109396,0.01857322,0.01175829,0.03494561,0.03082606
0.0190335,-0.002384889,-0.01898884,-0.03505086,0.02661853,0.027717,0.1384536,-0.0002349973,-0.1405079,-0.08268315,-0.02865326,-0.04904393,-0.02805681,-0.1175441,-0.0310936,0.01231823,-0.1409603,-0.03052262,-0.1374748,-0.07259247,-0.03072479,-0.03521898,0.07140268,0.6842548,0.5816079,0.5356978,0.1054667,-0.07825698,0.002079144,-0.09877859,0.1396738,0.7343739,0.2192329,0.03840239,-0.1718016,-0.04745241,-0.0127916,-0.0641964,-0.04583193,0.03769688,0.0002572447,-0.003222279,-0.05669678,-0.02997895,0.0169753,-0.008909208,-0.06097808,-0.03266589
-0.0430148,0.002729566,0.3956845,-0.1339075,0.03656613,-0.06878419,0.5248815,-0.05993495,-0.1048469,-0.1295647,0.003551869,-0.053882,-0.05456971,-0.05740849,-0.1152071,-0.08399618,-0.09112876,0.036425,0.0476441,-0.04019962,-0.01104137,0.0005435444,-0.08804686,0.05298793,-0.04347404,-0.0648443,0.007670219,-0.0003938981,-0.1192069,0.005804242,-0.04020087,-0.03668417,-0.03948134,-0.02603066,-0.1010726,0.01597342,0.05089827,0.02887082,0.04251273,-0.06321049,-0.05117583,0.05145046,0.08877784,0.07829083,-0.01136999,0.07342172,-0.01350811,0.02139078
0.07649423,0.2452274,0.05966153,0.05810378,0.2279976,0.2077604,0.08087715,0.1319869,0.08173312,0.1127554,0.1362742,0.06644255,0.07601783,0.01155546,0.0636764,0.01799564,0.08120302,-0.01149085,0.1524877,0.1115282,0.09330659,0.1659912,0.2979086,0.3678042,0.2358006,0.3340753,0.5422066,0.3212998,0.3121681,0.330903,0.4988262,0.5645504,0.3576838,0.362948,0.4027708,0.2225748,0.2485274,0.1453433,0.2377582,0.2420283,0.1612136,0.02621428,0.2037445,0.08399707,-0.06966181,-0.06592416,-0.06239178,-0.04323039
-0.0341676,-0.09434973,-0.0396293,-0.1105019,-0.05979845,-0.1036631,-0.04275314,-0.07549417,-0.07645536,-0.1060358,-0.01870242,-0.0173157,-0.06611196,-0.02559469,-0.06621011,0.01009549,0.04383711,-0.0534303,-0.05891932,0.04639518,-0.1002745,-0.04981527,-0.03867309,-0.01871661,-0.06900953,-0.0110478,-0.008897154,-0.006520311,0.02392046,0.08350672,-0.04042639,-0.08605473,0.1815223,0.1921481,0.06984104,-0.004758836,0.5312531,0.09946889,0.0190576,0.003079323,0.08505848,0.08976,0.02090405,0.06495323,-0.002770411,-0.04339717,-0.008316635,-0.007145941
-0.05140052,-0.04345543,0.04783232,-0.02241381,-0.1353904,-0.1102374,-0.007516242,-0.03365951,0.02415588,0.03761746,-0.01274162,-0.0255185,-0.03102755,0.09672701,0.4061281,-0.004644478,0.05922797,0.02753982,0.1380413,-0.1182488,0.3556054,0.02554535,-0.1011839,-0.1660847,0.03724226,0.1218676,-0.01552675,-0.0341129,0.1572995,0.1113978,-0.1132169,-0.0494381,0.07071014,0.009199189,-0.02867725,0.02412861,0.02667711,-0.08209007,-0.06537718,0.02482831,-0.03040513,-0.0002065551,-0.06012505,0.004665238,-0.04188516,-0.0277007,0.1021545,0.01998505
-0.006923351,0.05714449,0.03763415,-0.1012854,0.2519708,0.3583945,-0.05576385,-0.02551491,0.09398438,0.2283595,-0.05089946,0.247769,0.04750228,0.07729262,-0.1705206,0.07417764,-0.1216171,0.01458359,-0.06802514,-0.0824663,0.07148308,0.02178996,-0.1198408,0.05755366,0.01177022,-0.007214452,0.04187941,-0.09411769,-0.05318655,0.04310978,-0.092457,-0.08392755,0.01173121,-0.007686452,-0.02159062,-0.0544901,0.009699839,-0.100955,-0.01808389,-0.1279038,0.009810093,0.01083871,0.05743784,-0.007421078,0.2021714,-0.092122,0.08865274,-0.111422
0.1771516,-0.06904848,0.3298544,0.0561107,0.03646652,-0.02981163,0.06426419,-0.001242204,-0.10765,-0.04969796,-0.07130859,0.03165903,-0.04373365,-0.01137699,0.02863477,-0.04933657,-0.08599222,-0.06009797,-0.1060517,-0.03179828,0.02040781,-0.1225276,-0.08027913,-0.09521653,0.01493172,0.01404498,-0.03005554,-0.0764774,-0.04972426,-0.07487001,-0.04813578,0.0682915,0.1147756,0.02354459,-0.07047019,0.08696544,0.02293773,0.08242296,0.07853632,0.05502006,0.09988547,0.005204186,0.07020709,0.1151903,0.04267244,0.08789562,0.07901023,-0.06621399
0.04892208,-0.01691712,0.01463537,-0.02732852,-0.02984537,0.08469281,0.05443513,-0.1293993,-0.00301972,0.004812609,-0.02515898,-0.02170894,-0.07599802,0.04918946,0.09456192,0.02792263,-0.009148896,-0.0358768,-0.05387885,-0.0656955,-0.08053077,-0.04949012,-0.08310508,0.1791651,0.01626609,0.02976608,0.03598751,-0.03833798,0.02933779,0.09399158,0.00306279,0.1882517,0.0562703,0.1525046,0.2571774,0.3159186,0.2055966,0.2394278,0.2174522,0.19354,0.1681788,0.04748121,-0.07884721,-0.04705483,-0.0112689,-0.1103917,0.03563847,-0.09826265
-0.05094088,-0.05356445,-0.01430599,0.03868845,-0.05326027,-0.1191147,0.06991822,-0.07571238,-0.0274976,-0.1153717,-0.04935757,-0.07789172,-0.004394308,0.01123175,0.007910899,-0.01873322,0.01397892,-0.0768885,-0.02868603,-0.1569708,0.04340614,0.09969868,0.01821743,0.05232868,0.0694862,0.1089118,0.9054017,0.396591,0.1256662,-0.05831712,0.1210873,0.2223776,0.04115128,0.04076592,0.4415185,0.1331944,0.01246792,0.02568369,-0.000433436,-0.08522488,0.1942265,-0.005132285,0.001385044,-0.07190362,0.05827367,-0.06051619,-0.02457399,0.01671553
0.1449702,-0.0002884209,-0.01379014,-0.001950689,0.188493,0.1105407,-0.002181054,0.02436936,0.09003047,0.05379763,0.1017765,0.07133715,-0.006969109,0.03678278,0.1235213,-0.02347735,-0.002841577,0.1092035,0.1012069,0.005732557,0.04814065,0.1115278,0.2011243,0.07604256,-0.05107763,-0.03718114,0.08936395,-0.03611235,0.03313019,0.09081677,0.1391841,-0.03390326,0.01726054,-0.05627903,0.2668809,0.07754924,0.07819763,0.2451275,0.2412537,0.2479562,0.1091108,0.1379159,0.00903908,0.1126996,-0.01957777,-0.08865755,-0.1039091,0.02571856
0.2489273,0.1999609,-0.08386173,-0.08518352,0.1428302,0.02945945,-0.03215654,0.05672156,0.032252,0.251073,-0.04418369,-0.08420324,-0.07702874,0.003024503,0.0554239,0.04099997,-0.07006732,0.1594036,-0.04937726,-0.09010077,-0.006844854,-0.02981411,-0.07789754,-0.08888433,-0.01147941,-0.01667042,-0.07735826,-0.0192099,0.003020519,-0.1694255,0.04735659,-0.08592208,-0.07081999,0.007203543,-0.06624641,-0.02542059,0.002610369,-0.0977892,-0.002953988,-0.05263943,-0.009519542,-0.04068908,-0.04439201,-0.01724352,0.003368363,0.1579879,0.0533094,0.05683145
-0.1182841,-0.05461118,-0.03611105,-0.03948926,-0.09556557,-0.03299295,-0.09149406,-0.03677358,-0.0914142,-0.06934782,-0.06140201,-0.06860394,-0.2116737,-0.01323476,-0.07112298,-0.06855784,-0.1368155,-0.0434019,0.08771333,-0.08133988,0.03333422,-0.01159469,0.07005017,0.3447372,0.3823833,0.4649918,0.2361178,0.07971758,0.03719112,-0.0155584,0.1153235,0.2045971,0.3890945,0.2093128,-0.1046921,0.07615201,0.02103472,0.02013804,0.04073756,-0.1100409,-0.05601111,-0.08199182,0.05624361,0.05813305,0.01126478,-0.05797619,0.01392826,-0.03298355
0.0521837,-0.03352791,-0.01038869,-0.08390915,-0.009843168,0.10984,-0.02349694,-0.04677994,0.01143004,-0.006972197,-0.09920435,-0.01734727,0.07270856,0.002459911,0.04567229,0.09660856,-0.09302352,-0.08040291,-0.1375602,-0.01686061,-0.02124689,0.08863352,0.01620293,-0.02305967,0.06325434,-0.01419627,0.04889987,0.1681783,0.05919738,0.2726285,0.3736151,0.2616524,0.1554019,0.3011903,0.3413388,0.2374173,0.4704649,0.5448867,0.4464985,0.4955853,0.4795975,0.1786636,0.36531,0.4178736,0.003661875,-0.07563652,0.08904967,0.01655295
0.03792012,-0.0160589,-0.03341154,-0.07864618,-0.1291303,-0.004033905,0.110579,-0.008137598,0.1898807,0.08340333,0.2461379,0.4100155,0.2714271,0.01062891,0.3471629,0.3026163,0.4405922,0.04813808,0.0734002,0.02002588,0.1528174,-0.0330874,-0.01544596,-0.05331428,0.1286325,-0.03510819,-0.009427207,0.04119893,0.09611882,-0.0490948,0.09025023,0.05097647,0.1002194,0.0007625773,0.01717529,0.009890299,0.00124033,-0.05000064,0.140041,0.08073007,-0.00651858,-0.03948464,-0.02656333,0.04429888,-0.0377815,0.07433488,-0.008627666,0.03469061
-0.0003224373,-0.0476721,-0.06929421,-0.08176775,-0.06253878,-0.04452712,-0.02056779,-0.02995316,0.02333178,0.005821746,-0.06496603,-0.03343699,-0.05069364,-0.05109829,-0.07088208,-0.1365507,-0.005404673,0.05485987,-0.1021052,0.04613741,0.0418539,0.1139829,0.04818222,-0.01582361,0.2815536,0.4837067,-0.163393,0.05267928,0.3183408,0.2515146,-0.09134074,-0.03505314,0.1764714,-0.001238213,0.0006579727,-0.02534916,0.03427389,-0.04007621,0.05119734,-0.001360986,-0.02203733,0.01141485,-0.004095827,-0.0425082,-0.06242384,0.01393316,0.03088322,0.004231644
-0.06918696,-0.0898799,0.01362673,-0.1346186,-0.008195775,-0.03980091,0.05683245,-0.08216397,0.02921595,0.007501429,-0.04181448,-0.043373,-0.06874429,-0.09652862,-0.1310517,-0.06003646,0.09413861,0.01746695,0.001029849,-0.014125,0.5323956,-0.1462148,0.002808495,-0.01777392,-0.1038069,-0.02646943,-0.03544253,-0.007448259,-0.03253832,-0.02430519,-0.1154105,-0.004750093,-0.1129847,-0.03913686,-0.01665364,-0.0714079,-0.05260566,-0.06074738,-0.004886314,0.05973847,-0.008026776,0.0806739,0.02606258,0.1333773,-0.04751062,0.02183001,0.04044382,-0.006432568
0.09721077,-0.06110004,0.03288341,-0.02178476,0.2276064,-0.01932759,-0.03531648,-0.06078998,0.5331908,0.05613322,-0.08539164,-0.04501263,0.3551669,-0.04981577,-0.02008213,-0.08318041,0.2479727,-0.0347987,-0.06829604,-0.06284505,0.03558083,0.005031873,-0.06163809,0.01366547,0.001457527,-0.1079194,-0.06764314,-0.07866535,0.01239819,-0.05846303,-0.09213184,-0.04070671,-0.04283974,0.004434786,0.00997719,-0.1263525,-0.06939146,-0.02675406,-0.0008745149,0.04216984,0.01657492,-0.03068129,0.04708402,0.0002109457,0.02130092,0.08266297,-0.05522829,0.02642712
-0.05818256,-0.1124941,-0.09030523,-0.248718,-0.1348891,-0.1200295,-0.09541966,-0.153739,-0.1198536,-0.1165942,-0.05698035,-0.12738,-0.1461802,-0.1757971,-0.02222556,-0.03110984,-0.1242062,-0.07902802,0.1207906,0.1603346,-0.05182943,0.05409672,0.1971613,0.6734544,0.05689565,0.1478678,0.3871881,0.1021729,-0.02383597,0.1028761,0.405938,0.1525534,0.1333328,0.02891215,0.1814357,0.1455636,0.01462165,0.00260254,0.132651,0.1131735,0.06021657,-0.00235101,0.08647104,0.02389945,-0.0521889,-0.04579782,-0.01045595,0.05656951
-0.01634164,0.01684285,0.009286314,-0.1036594,-0.04800994,-0.08757355,-0.08043455,-0.002842505,0.006526689,-0.08842827,-0.09309904,0.05057789,-0.1367554,-0.1159534,-0.05442213,-0.05224975,-0.0464753,0.01783804,0.06196179,0.09727,-0.09428096,-0.01403138,0.06008975,0.1687437,0.146257,0.2170439,0.4690902,0.1968123,0.1536348,0.08721591,0.2693962,0.2470032,0.2501289,0.1970188,0.4248246,0.2029648,0.2426747,0.1335571,0.2108786,0.2074333,0.2460592,0.1314051,0.1721353,0.07101685,0.08986706,-0.008551653,0.07545569,0.04500559
0.08963063,0.1780107,0.1075506,0.0747835,0.1832391,0.2925545,0.02786637,0.1818897,0.07129763,0.1715214,0.1157794,0.1420179,-0.04657295,0.1113696,0.2300192,0.2493432,0.02334027,0.1451344,0.47896,0.3394692,0.2474574,0.1455896,0.5748963,0.675779,0.3726292,0.4079688,0.6257184,0.5665067,0.3563109,0.3002272,0.648669,0.5985437,0.3406787,0.4193864,0.519529,0.4701067,0.4288495,0.5226399,0.5539446,0.6069993,0.5259355,0.1657131,0.1557714,0.3043201,-0.05507419,-0.03872913,0.03077317,-0.009566514
0.002765749,0.160001,0.1678051,-0.09607641,0.3636555,0.0942592,0.3486746,0.3204098,0.4711971,0.5478511,0.7052115,0.6558209,0.4912889,0.7132851,0.5571679,1.376193,0.6027452,0.6650114,0.4461957,0.4859237,0.4895986,0.5695532,0.289049,0.284945,0.7936274,0.9850642,0.3494387,0.2047342,0.3671183,0.4984506,-0.02295589,0.1866758,0.4027428,0.03634127,-0.03568837,0.04430426,-0.05354432,0.01309047,-0.1930804,-0.08513437,-0.14299,-0.1975722,-0.1267521,-0.1279228,-0.1285748,-0.04277493,-0.1156015,-0.1283027
0.02050814,-0.03892083,0.3194705,0.1700911,0.1317718,-0.06868957,0.05206161,0.2064782,0.1529477,0.1446426,0.4094603,0.6879675,0.3549421,0.5803694,0.2482234,0.7751694,0.7068239,0.6346435,0.442762,0.6923718,0.3703047,0.6478354,0.1627684,-0.001974588,0.4831107,0.5218261,0.03219976,-0.01709129,0.3785635,0.2311017,-0.1393981,-0.04648563,0.1627425,0.19348,-0.1470005,-0.1303992,0.1416459,0.002307478,-0.09624822,-0.03285733,-0.1330565,-0.1366203,-0.1230701,-0.144093,-0.03640582,-0.02100819,-0.04048012,-0.00903705
0.2289428,0.1522899,0.1781694,0.2184393,0.2808833,0.1829625,0.2955527,0.2192104,0.2463228,0.1642997,0.2176006,0.2277897,0.2169945,0.07784483,0.2190109,0.2748185,0.2302846,0.2165186,0.2431636,0.3723707,0.2709394,0.2662703,0.3106328,0.4631743,0.4137023,0.3496956,0.3718257,0.4580503,0.4579883,0.3359696,0.3835111,0.3978128,0.3873168,0.310698,0.1665593,0.1497864,0.2069614,0.1246366,0.07991354,0.04716146,0.04772988,-0.02139468,-0.07540888,-0.04751801,-0.1331563,-0.04034641,-0.04347191,-0.08703424
0.009690319,0.07376382,0.08249333,0.05138047,0.0991985,0.116997,0.07626541,-0.04214402,0.02777525,0.1346668,0.03787079,-0.04442617,-0.1696022,-0.02802718,0.1200205,0.0479939,-0.01552987,0.1439627,0.1228804,0.240358,0.3136443,0.5024077,0.5416545,0.6159585,0.577819,0.5616409,0.6060482,0.383975,0.5236408,0.5082679,0.5162616,0.4902087,0.6138522,0.4470645,0.3655294,0.3815455,0.4613254,0.2734423,0.2396885,0.3260168,0.27177,0.03592368,0.05343002,0.09544343,-0.03010746,0.01680951,-0.02613111,-0.03678732
0.2936608,0.2916652,0.1400721,0.06505243,0.2154567,0.2145167,0.08663155,0.05320804,0.1556531,0.1184494,-0.03677034,-0.07139358,-0.1253533,-0.03425106,0.04007915,-0.09547125,-0.06361513,-0.12912,0.1464318,-0.0256821,0.02509617,0.06236804,0.2420343,0.6109123,0.2785726,0.442721,0.7236649,0.3671696,0.3134066,0.3365367,0.6142037,0.6844176,0.4161701,0.2932924,0.4524345,0.4681292,0.2692273,0.1788684,0.3600237,0.3846866,0.1855902,0.09352791,0.09646648,0.1324159,0.06534575,-0.003642286,0.07279643,-0.03974318
0.03910303,-0.07587063,0.07125371,0.0168435,-0.06688014,-0.04614208,0.007697776,-0.07146239,0.0240217,-0.1393964,0.05215828,0.2780727,0.05624146,0.1508369,0.2367137,0.1538633,0.2683394,0.3186564,0.2831848,0.2767974,0.4799767,0.8340381,-0.08921394,-0.06602417,0.8128641,0.8811187,0.02879855,0.1585415,0.7650847,0.5358476,0.05488988,0.0830403,0.4171016,0.1725056,0.09516512,0.08266222,0.2001643,-0.06813326,-0.07780872,-0.03394991,-0.1315524,-0.1585101,-0.08530838,-0.06895515,-0.04187473,-0.001445562,-0.06818026,-0.08545618
-0.04732288,-0.1503405,0.08985521,-0.06283182,-0.09649888,-0.1746304,-0.1969784,-0.1024519,-0.003822035,-0.0512649,-0.2089615,-0.260085,-0.1198867,-0.1772945,-0.2435528,-0.298171,-0.1079971,-0.2959242,-0.3200056,-0.06644948,0.1208941,-0.1128969,-0.1461597,0.1143525,-0.187297,-0.06453781,-0.1574278,-0.1812029,0.08875369,0.003719166,0.2488394,0.1217753,0.2443098,0.02711313,0.2868551,0.2652936,0.2408857,0.07853245,0.2059574,0.08756057,0.07985,0.01479222,0.1859426,0.06073545,0.1461633,-0.02347654,0.07869524,0.07534941
0.09177558,0.05391179,0.1197591,0.06241753,0.1055626,-0.001294224,0.2387199,0.1505516,0.03871164,0.02364166,0.1050494,0.1273381,0.114453,0.1310918,0.3513259,0.1256244,0.133099,0.1815315,0.3153268,0.1788168,0.293246,0.2727262,0.2324988,0.0238872,0.01659561,0.1176259,0.1308613,0.1143069,0.2998988,0.3011393,0.2452598,0.07742225,0.1826499,0.2380089,0.1338898,0.1522012,0.1237109,0.1468568,0.1723263,0.1385286,0.1127687,0.04188645,-0.01461752,0.02267495,-0.06576495,-0.07944606,-0.03309513,0.0008005103
0.3105722,0.4754327,0.313039,0.3311875,0.5643069,0.6449668,0.500648,0.2583615,0.2574471,0.5545214,0.504794,0.1711158,0.3107895,0.342244,1.017971,0.5029314,0.6240792,0.5966851,0.8044304,0.4001467,0.5653268,0.4377135,0.8072483,0.65676,0.6207601,0.4350203,0.8237857,0.8035401,0.3028361,0.4363753,0.8935071,0.7653735,0.3138706,0.2396278,0.5459975,0.5289444,0.1250095,0.2267227,0.5596241,0.3211581,0.06258433,-0.05604112,0.1401616,0.02962844,-0.04480825,-0.01774852,-0.04629532,-0.03896733
0.006221232,0.006685535,0.1522149,0.01283384,0.02247114,0.03699561,0.1593198,0.1167708,-0.1090679,-0.0477109,-0.0235652,0.2088519,-0.03056453,-0.08119552,0.09747871,0.02129446,-0.1249686,-0.05597069,0.04083135,0.01872106,0.08202492,0.1633706,0.08346344,0.03021676,-0.05053783,0.1248449,0.2188338,0.005420199,-0.04922926,0.07166672,0.05434408,-0.1039723,0.08262438,-0.01206559,0.2195414,0.05054083,0.2178328,0.2040015,0.2743624,0.2428013,0.05736814,0.1599596,0.1334536,0.001926821,-0.05122012,-0.04412706,-0.02975256,-0.01360086
0.2276862,0.207065,0.09779736,0.177334,0.287052,0.2725721,0.05883669,0.2648261,0.1333512,0.3042344,0.0574244,-0.04473376,-0.02105386,0.01480741,0.07482488,0.004806581,0.08102267,0.05837499,0.2422797,0.002489438,0.06272818,-0.04559833,0.1148137,0.1969049,0.3221174,0.2922026,0.09001978,0.009665455,0.1349216,0.1094201,0.07579104,0.2384313,0.1206811,0.3148741,0.09524025,0.2790728,0.3892565,0.3244897,0.4306905,0.4331528,0.2559967,0.03802259,0.07105981,0.2388709,0.06078529,-0.002301443,-0.08230591,0.01220978
-0.01440433,-0.003164148,-0.02812158,0.3465992,0.04706506,0.28697,0.1985185,0.5563799,0.2618278,0.4186281,0.2277125,0.8126944,0.7865003,0.5889672,0.1783796,0.6845139,0.8142846,0.8483763,0.464701,1.035763,0.8075253,0.5837857,0.1549015,0.08875535,0.555324,0.8841078,0.09356098,0.5994379,0.4979373,0.2728633,0.04764786,0.03014907,0.5265383,0.06746195,0.1656927,0.1272107,0.1718505,0.176311,0.02037482,0.1767365,-0.004347295,-0.1011863,0.04640648,-0.06282331,0.06405489,0.06548427,-0.126058,-0.1696187
0.08363874,0.04534345,0.005611907,0.08786647,0.1130833,0.1717302,0.04923808,0.1076162,0.1508842,0.1271403,0.01290027,0.1242649,0.08856646,-0.06603546,0.05760791,0.04346706,-0.02762449,-0.005013462,0.08969379,0.2509113,0.09427612,0.09126931,0.2609935,0.4177958,0.2763522,0.1137965,0.229402,0.1736574,0.1634589,0.1239402,0.2902812,0.2297149,0.2479261,0.2092958,0.1421909,0.1790964,0.3129567,0.1572223,0.2244316,0.2194197,0.2144548,0.1106703,0.1415722,0.1095663,-0.01157391,-0.02446837,0.1078137,0.04731997
-0.1454002,-0.05644673,-0.1074882,-0.09121235,-0.03555781,0.08187526,-0.06924185,-0.08585221,-0.04931619,-0.03031955,-0.1331129,-0.1650774,-0.02579533,-0.08565788,-0.1566831,-0.2025152,-0.04161783,-0.1149493,-0.0234208,-0.01350193,0.02947038,0.01681625,0.1336732,0.2452655,0.008257579,0.05365593,0.1708058,0.04098325,0.1657482,0.1276766,0.2097532,0.20511,0.1514576,0.2473972,0.2102541,0.1762746,0.2626316,0.2523152,0.4041742,0.313084,0.4164917,0.1861785,0.2650771,0.3743846,0.04213157,0.1423565,0.0969255,0.03826191
-0.06268006,0.1089017,0.1067178,-0.01507264,0.0007364422,0.1936815,-0.008503986,0.0161158,0.05080664,0.045026,-0.005282643,-0.03060945,0.01788098,0.03215819,0.01051995,-0.0342332,-0.04425646,-0.09762268,-0.0324435,0.1261573,0.09488767,0.4212922,0.3371015,0.1698785,0.134198,0.3431905,0.2938492,0.2749981,0.1883113,0.1561086,0.2180272,0.2733919,0.3117804,-0.04940829,0.1944831,0.3682259,0.1925517,0.1792191,0.4935974,0.3378213,0.02648752,0.06687845,0.1432653,0.1474875,-0.02742886,-0.09016366,-0.07514744,0.1412609
0.01071673,0.00861108,-0.06220064,-0.05635796,-0.006721285,-0.02056498,-0.01339171,-0.03180996,-0.03614575,-0.04358726,-0.06057087,0.08989222,-0.06239229,-0.08599915,0.04056853,0.07242849,0.002680615,0.02768118,0.06816508,0.07476225,-0.009211574,0.1146711,0.1191924,0.4579918,0.1359205,0.3182893,0.2963677,0.09889875,0.2038309,0.05190375,0.3164257,0.3709562,0.3292499,0.1294457,0.3149303,0.247652,0.1727342,0.1001207,0.04506358,0.1288948,0.1039489,0.00202844,0.0325231,0.04500018,-0.03237824,0.091438,0.08364053,0.009110169
0.1753521,-0.03328898,0.04965136,0.109655,0.1100124,0.03771749,0.2213635,0.05852283,-0.03534489,-0.03461784,0.180903,0.03423171,-0.07260701,0.04481842,0.301011,0.09656947,0.04087206,0.1075254,0.4598645,0.1896538,0.07076019,0.04599794,0.3852004,0.4992959,0.3996742,0.4406494,0.6921055,0.352834,0.4021335,0.3523772,0.6802598,0.6908554,0.5789305,0.4468282,0.7565339,0.5323056,0.2229891,0.3837294,0.6418625,0.3602474,0.2050489,0.01713338,0.03946331,0.06054108,0.04024956,0.03742825,0.02337502,-0.04241883
