0,0.61624276638031,0.00771771371364594,0,0,0.587847650051117,0.23392316699028,0,0,0.470438569784164,0,0,0,0.0272009018808603,0,0,0,0,0,0,0,0,0,0,0,0,0,0,0,0.0607565715909004,0,0,0,0,0,0,0.0111299799755216,0,0,0,0,0.0613857433199883,0,0.00420085107907653,0.0205859951674938,0,0,0
0,0,0,0,0,0,0,0,0,0,0,0,0,0,0,0,0,0,0,0,0.427873760461807,0,0,0,0.642506003379822,0.348283767700195,0,0,1.578742146492,0.969678521156311,0.0134948194026947,0,1.57734513282776,1.00485360622406,0,0,1.52031528949738,0.113643541932106,0.104543447494507,0.0371713824570179,0.0788799077272415,0.00951190106570721,0.0676800385117531,0.0191418789327145,0,0,0.0312438700348139,0
0,0,0,0,0,0,0,0,0,0,0,0,0,0,0,0,0,0,0.11674739420414,0,0,0,0,0,0,0,0.295662969350815,0,0,0,0.496183335781097,0.227302476763725,0,0,0.305036306381226,0.601735889911652,0,0,0,0.00730865960940719,0,0.0095191765576601,0.0684295669198036,0,0,0,0.000268615025561303,0.0209167413413525
0,0,0,0,0,0,0,0,0,0,0,0,0,0,0,0,0,0,0.177857547998428,0.106272019445896,0,0,0,0,0,0,0.735395967960358,0.210706740617752,0.00857802666723728,0,0,0,0.0623218305408955,0,0,0.0632831826806068,0.0111024882644415,0,0,0,0,0.0119098694995046,0,0,0,0.0124295679852366,0,0.0301855467259884
0,0,0,0,0.242374658584595,0,0,0.253717511892319,1.05485808849335,0,0,0.476963579654694,1.49401950836182,0,0,1.00089979171753,1.37467312812805,0.149372428655624,0.175099223852158,0.54099702835083,0.932793021202087,0.198929354548454,0.125139951705933,0.683535158634186,0.738924145698547,0.00181251915637404,0,0.288187593221664,0.709484875202179,0.00297686317935586,0,0,0,0,0,0,0,0,0,0,0.0308866798877716,0.00733469286933541,0,0.0191531218588352,0.0146062169224024,0,0,0.00417759921401739
0,0,0.381984561681747,0,0,0,0,0,0,0,0,0,0,0,0,0,0,0,0,0,0,0,0,0,0,0,0,0,0,0,0,0,0,0,0,0,0,0,0,0,0.0162598378956318,0.191782742738724,0.0648427382111549,0.027497123926878,0,0.0565153360366821,0.0287067778408527,0
0,0,0,0,0,0,0,0,0.246994495391846,0,0,0,0,0,0,0,0.134583920240402,0,0,0,0,0,0,0,0.0149751510471106,0,0,0,0,0,0,0,0,0,0,0,0,0,0,0,0,0.0248719751834869,0,0,0.0126042459160089,0,0.119621574878693,0.0356652438640594
0,0.00740188639611006,0,0,0,0,0,0,0,0,0,0,0,0,0,0,0,0,0,0,0,0,0,0.334871232509613,0.952412784099579,1.36614906787872,0.768215835094452,0,0.230669409036636,0.040046788752079,0.0156392715871334,0.661456525325775,0.895235240459442,0.162608534097672,0.0248052198439837,0,0.00902074202895164,0.0139620807021856,0,0.00340430811047554,0.00995719432830811,0,0.0115412902086973,0.0155450105667114,0.00584316160529852,0,0,0
0,0,0.0269250310957432,0,0,0,0.193617850542068,0,0,0.197704762220383,0.404577553272247,0.106059290468693,0,0.271804422140121,0.328156322240829,0.452754646539688,0.50054669380188,0.622954905033112,0.823957085609436,0.907265782356262,0.57209038734436,0.411112159490585,0.417282104492188,0.533840894699097,0.662586033344269,0.598463177680969,0.357281893491745,0.694482088088989,0.247801065444946,0.0584639795124531,0.106235526502132,0.168317943811417,0.146011605858803,0,0,0,0,0,0,0,0,0,0,0,0,0.00705237546935678,0,0
0,0,0,0,0,0,0,0.000885241490323097,0.0118580004200339,0,0,0,0,0,0,0,0,0,0,0,0.0106035098433495,0,0.0457547791302204,0.405184924602509,0.529125094413757,0.612462401390076,0.354320228099823,0,0.028960233554244,0,0.0823454111814499,0.491170972585678,0.399910509586334,0.0764634907245636,0.0625349804759026,0.00940011907368898,0,0,0,0.00492909178137779,0.00850780308246613,0,0,0,0,0,0.00987492315471172,0
0.0229052305221558,0.000332257855916396,0.515167832374573,0,0,0.0138999046757817,1.08326041698456,0,0,0,0.524591386318207,0.010335017926991,0,0,0.365777671337128,0.0105221047997475,0,0,0.306417882442474,0,0,0,0.128969997167587,0,0,0,0,0,0,0,0.0767896324396133,0,0,0,0,0,0,0,0,0,0,0,0,0,0.0115554230287671,0.00524497963488102,0,0.0146254431456327
0,0,0,0,0,0,0,0,0,0,0,0,0,0,0,0.178070694208145,0,0,0,0.0656034201383591,0,0,0.267356365919113,0.883785367012024,0,0,0,0,0,0,0,0,0,0,0,0,0,0,0,0,0.0669556558132172,0.0040224720723927,0,0,0,0.145474091172218,0,0.00161160004790872
0,0,0,0,0,0,0,0,0,0,0,0,0,0.12852780520916,0,0,0,0.289305150508881,0,0,0.709715723991394,1.17936670780182,0,0,0.335408806800842,0.440325826406479,0,0,0.672521531581879,0.615311980247498,0,0,0.335570693016052,0.43364554643631,0,0,0.420907914638519,0,0,0,0,0,0,0,0,0.0427575409412384,0.00595657620579004,0
0.323567152023315,0.0205032788217068,0,0,0.499732732772827,0,0,0,0.245043724775314,0,0,0,0,0,0.304613351821899,0,0,0,1.08136820793152,0,0,0,0.351918369531631,0,0,0,0.330952227115631,0.101831771433353,0,0,0.00807297695428133,0,0,0,0.045064490288496,0.192032292485237,0,0,0,0,0,0,0,0,0,0.0953667312860489,0,0
0,0,0,0.00796591397374868,0,0,0,0,0,0,0,0,0,0,0,0,0,0,0,0,0.0133904488757253,0.10873906314373,0,0,0.0026451472658664,0.225525379180908,0.0300147719681263,0.0059168403968215,0.459178924560547,0.590423226356506,0.107758544385433,0.112838126718998,0.557425379753113,0.669389843940735,0.249159544706345,0.329374372959137,0.563358783721924,0.239640355110168,0.197521552443504,0.229152008891106,0.304264903068542,0.108299911022186,0.127371460199356,0.141545563936234,0.0246679093688726,0,0.0420467369258404,0.00779086351394653
0.0844708904623985,0,0,0,0.0846013575792313,0.0408056415617466,0,0,0.357922226190567,0.0184966586530209,0,0,0.0865823030471802,0,0,0,0.020303076133132,0,0,0,0,0,0,0,0,0,0,0,0,0,0,0,0,0,0,0.00732073932886124,0.00894936919212341,0.0321219936013222,0.0100542213767767,0,0.108055397868156,0.00973003357648849,0,0.0262265745550394,0,0,0.0408951640129089,0.017637288197875
0,0,0,0.0115568209439516,0,0,0,0,0,0,0,0,0,0,0,0,0,0,0,0,0,0,0,0,0,0,0,0,0,0,0,0,0,0.0787542834877968,0.014337420463562,0.00884699635207653,0.106768570840359,0.265841633081436,0.610560059547424,0.306252211332321,0.19220495223999,0.153901323676109,0.137187108397484,0.146837115287781,0.0146282436326146,0,0.00139734998811036,0.00283541530370712
0,0.0274676233530045,0,0.00822911877185106,0,0,0,0.421594679355621,0,0,0,0.870302796363831,0,0,0,0.582343757152557,0,0,0,0.371535450220108,0,0,0,0.268830001354218,0,0,0,0.0409988686442375,0,0,0,0.03340058401227,0,0,0,0,0,0,0,0,0,0,0,0.0404679365456104,0,0.0215082429349422,0,0.00428936537355185
0,0,0,0,0,0,0,0,0,0,0,0,0,0,0,0,0,0,0.0130585758015513,0.478121846914291,0.024000559002161,0,0.0103013273328543,0.0547545030713081,0,0,0.180399492383003,1.07545530796051,0.260806381702423,0,0.0831818133592606,0.362642467021942,0.0654626935720444,0,0.149452358484268,0.5425705909729,0,0.0412094593048096,0,0.0139628751203418,0,0.00380404712632298,0,0.0196424089372158,0.00102009216789156,0,0.00859206914901733,0.00152810546569526
0,0,0,0,0,0,0,0,0,0,0,0,0,0,0,0,0,0.167326241731644,0,0,0,0.246033981442451,0,0.0230647251009941,0.968666672706604,0.817302227020264,0.0275055058300495,0.117228448390961,0.252065896987915,0.126746043562889,0,0.00421374104917049,0.228888154029846,0.0873490050435066,0,0,0,0,0,0,0,0.00401473417878151,0,0,0.0342533215880394,0,0.0120280291885138,0.000772225845139474
0,0,0,0,0,0,0,0,0,0,0,0,0,0,0,0,0,0,0,0,0.00319999409839511,0,0,0,0.190540090203285,0.111817955970764,0,0,0.687221646308899,0.397974163293839,0.0272890422493219,0.0385720729827881,0.925652682781219,0.555550336837769,0,0,0.854649841785431,0.125922799110413,0,0.0700584948062897,0.0729545578360558,0.0108645157888532,0.0124104944989085,0,0,0,0.00810102093964815,0.012571063823998
0,0,0.0365526154637337,0,0,0.014095482416451,0,0.0104158241301775,0,0.0161934085190296,0.0499957390129566,0,0,0,0,0,0,0.0772738978266716,0,0.0190642457455397,0,0.499027162790298,0.238148763775826,0.549740731716156,1.0042849779129,1.02570772171021,0.692179560661316,0.461966842412949,0.47059765458107,0.458345949649811,0.27973335981369,0.49612158536911,0.712070643901825,0.312190026044846,0.154151141643524,0.15714105963707,0,0,0.00599206425249577,0,0,0.00130109267774969,0.0016595006454736,0,0,0,0,0
0,0,0.0312602333724499,0.0107864020392299,0,0,0,0,0.0680236965417862,0,0.0516137480735779,0,0.453825622797012,0,0,0,0.157517492771149,0,0,0,0,0,0,0,0,0,0,0,0,0,0,0,0,0,0,0,0,0,0,0,0.00819465983659029,0.0183314308524132,0.0239527821540833,0,0,0.00629042694345117,0.0526232533156872,0.0227263178676367
0,0,0.111334159970284,0.296231210231781,0,0,0,0,0,0,0,0.137731522321701,0,0,0,0,0,0,0,0.133245438337326,0,0.00988414417952299,0,0,0,0,0,0.177575394511223,0,0,0,0,0,0,0,0,0,0,0,0,0,0.0286247935146093,0,0,0.0663553029298782,0,0.0127720255404711,0.0167086720466614
0.000588047492783517,0,0,0,0,0,0.0401507094502449,0,0,0,0,0,0,0,0,0,0,0,0,0,0,0,0,0,0,0,0,0,0,0,0,0,0,0,0.029493186622858,0.00207929871976376,0,0,0.269553959369659,0.0964949429035187,0.156418532133102,0,0.062731571495533,0.201745897531509,0,0.00124000455252826,0,0.0481410399079323
0,0,0,0,0,0,0,0,0,0,0,0,0,0,0,0,0,0,0,0,0,0,0.10930385440588,0,0,0,0.0899745523929596,0.0504686161875725,0,0.0505867600440979,0.737392485141754,0.101499296724796,0.0383456721901894,0.251204192638397,0.274027824401855,0.304867029190063,0.596050381660461,0.527620851993561,0.404856830835342,0.476669460535049,0.325905293226242,0.101439952850342,0.0529244057834148,0.073444128036499,0,0.0167638137936592,0.0156373418867588,0
0,0,0,0,0,0,0,0,0,0,0,0,0,0,0.0191561747342348,0,0,0,0.482164710760117,0,0,0,0.0140655962750316,0,0,0,0.457189083099365,0.298073679208755,0,0,0,0.104383371770382,0,0.068349190056324,0.0615761168301105,0.139197200536728,0,0,0,0,0,0.000164331489941105,0,0.011142248287797,0.00625322852283716,0.0216117408126593,0,0
0,0,0,0,0,0,0,0,0,0,0,0,0,0,0,0,0,0.0629653856158257,0.0177410375326872,0.0124253528192639,0,0,0.0207412242889404,0.367325872182846,0.105138257145882,0,0,0,0,0,0,0,0,0.00739551056176424,0.0124313635751605,0.0132887121289968,0,0.00486873555928469,0,0.0130403190851212,0.0185375474393368,0,0,0.0212528202682734,0,0,0,0.00287763751111925
0,0,0,0,0,0,0,0,0,0,0,0,0,0,0,0,0,0,0,0,0,0.00715065468102694,0,0.308859825134277,0.206268340349197,0.784348607063293,0.779351472854614,0.269453585147858,0.115999795496464,0.0860686525702477,0.211003854870796,0.647309243679047,0.678656995296478,0.368374586105347,0.623024463653564,0.385110080242157,0.13047268986702,0.0276271253824234,0.0801784917712212,0.154525071382523,0,0,0.00313160684891045,0.00332181830890477,0,0,0.00232232687994838,0
0,0.029401371255517,0,0,0,0.262152433395386,0.0130969285964966,0,0,0.718137204647064,0.0362745523452759,0,0,0.471104711294174,0.0715031176805496,0,0,0.459672778844833,0.0891855359077454,0,0,0.066337525844574,0,0,0,0.13627265393734,0,0.0115198148414493,0,0,0,0.0332102105021477,0.0060401177033782,0.0259242411702871,0,0.0352333560585976,0,0,0.00221339426934719,0.0164727177470922,0,0,0,0,0.0127395521849394,0,0,0
0,0,0,0,0,0,0,0.0611727461218834,0,0,0,0,0,0,0,0,0.0120907220989466,0,0,0,0,0,0.145793214440346,0.950592815876007,0.980057418346405,0.837750434875488,0.359024733304977,0.089205764234066,0,0,0.17136737704277,0.76507705450058,0.440363883972168,0.104534342885017,0,0,0,0,0,0,0,0,0,0,0,0,0,0.000538250082172453
0.191355794668198,0,0.0208038203418255,0.0679934620857239,0.0886707156896591,0,0,0,0.013621062040329,0,0,0,0,0,0,0,0,0,0,0,0,0,0,0,0,0,0,0.00408112397417426,0,0.0412790179252625,0.17436121404171,0.0253664962947369,0,0.221217274665833,0.256546318531036,0.402847200632095,0.536756753921509,0.727193534374237,0.668759942054749,0.75118350982666,0.738824725151062,0.260232865810394,0.410634368658066,0.504891335964203,0.0269727054983377,0.0348234549164772,0.0458716973662376,0.188657194375992
0,0.0160624533891678,0.0100365150719881,0.0122259650379419,0,0.00430096453055739,0.0139839146286249,0,0,0,0,0,0,0,0,0,0,0,0,0,0,0,0.00338949263095856,0,0,0,0.00415165536105633,0,0,0.0109459962695837,0.167418345808983,0.0332694239914417,0.050322912633419,0.204738348722458,0.158733412623405,0.0613421872258186,0.233552545309067,0.174713462591171,0.278554916381836,0.186091095209122,0.0652042180299759,0.0314150936901569,0.0373830087482929,0.0305816046893597,0.016763374209404,0,0.0118156354874372,0.0335147902369499
0,0,0.000261785084148869,0,0,0.0211793072521687,0,0,0,0,0,0,0,0,0,0,0,0,0,0,0,0,0,0,0,0,0.268161714076996,0.00653437431901693,0,0,0.0267412774264812,0.0338863097131252,0.0230322759598494,0,0.27333790063858,0,0.0323632955551147,0.0620290450751781,0.136517897248268,0.103497959673405,0.0637853518128395,0.0417030528187752,0.0679164156317711,0.0173541344702244,0.00997083075344563,0.0158722344785929,0.0828566998243332,0
0.245441645383835,0,0,0,0.0825526192784309,0,0,0.0188322495669127,0.44388747215271,0,0,0,0,0,0,0,0,0,0,0,0,0,0,0.0154712796211243,0,0,0,0,0,0.0276980604976416,0,0,0.0443289466202259,0.0123934289440513,0,0,0.00033730230643414,0,0.0113107021898031,0,0,0.0402671359479427,0,0,0.0668932273983955,0.00479940418154001,0.0237958244979382,0.00826171226799488
0.163243934512138,0.323265224695206,0.54265695810318,0.0679825097322464,0.165149331092834,0.344845116138458,0.52886974811554,0.104934349656105,0.0115011753514409,0,0.0165652930736542,0,0,0,0,0,0,0,0,0.0140535980463028,0,0,0,0.0215902328491211,0,0,0.000811268226243556,0,0,0,0.00598435616120696,0,0,0,0.0669874101877213,0,0.0217616260051727,0.0615121200680733,0.155024111270905,0.101012721657753,0.0817883461713791,0.0564194694161415,0.0298705287277699,0.0360415428876877,0,0.0584354288876057,0.0518066994845867,0.0474850907921791
0,0,0.0117920329794288,0,0.0100274216383696,0.00221452815458179,0.0243623051792383,0,0.00240662018768489,0,0,0.013168266043067,0.0126069290563464,0,0.0503128170967102,0.268474757671356,0.0636979788541794,0.122777201235294,0.0791971758008003,0.472042739391327,0.103819511830807,0.111274279654026,0.360274404287338,0.874825358390808,0.527877986431122,0.0992230772972107,0.073765717446804,0.450465202331543,0.228502541780472,0.0188586078584194,0.0331243276596069,0.409657180309296,0.13538746535778,0,0.0539440289139748,0.150204956531525,0.0555384457111359,0.0135080767795444,0.00299522280693054,0.0601348057389259,0.0322652235627174,0,0.0157135687768459,0.0582306161522865,0,0,0,0
0,0.00129858148284256,0,0,0,0.236183196306229,0,0,0,0.688461422920227,0,0.00350720365531743,0,0.576825022697449,0,0,0,0.0862191468477249,0,0,0,0.0460692420601845,0.00989747513085604,0.0293952021747828,0,0,0.00177389197051525,0.0149672832340002,0,0,0,0.0175225976854563,0,0,0.00920097343623638,0.015340936370194,0,0,0,0,0,0.0108831468969584,0.00998348463326693,0.0117898304015398,0,0,0,0.00779880303889513
0,0,0,0,0,0,0,0,0,0,0,0,0,0,0.0413647145032883,0,0,0,0.275333821773529,0,0,0,0.107738576829433,0,0,0,0,0,0,0,0,0,0,0,0,0,0,0,0,0,0,0.0393282696604729,0.00787474121898413,0,0.0257414281368256,0.00219674059189856,0,0.0051413681358099
0.0387548096477985,0,0,0,0.00992402713745832,0,0,0,0.00745057919993997,0,0.0170357078313828,0,0.035643570125103,0,0.355892598628998,0,0,0,0.400774151086807,0,0.0433555990457535,0.0423844642937183,0.166221499443054,0.0907882302999496,0.0791705101728439,0,0.112763404846191,0.00374500942416489,0,0.0146422861143947,0.127151057124138,0.0414793379604816,0,0,0,0,0,0,0.00830316264182329,0,0,0,0,4.98324625368696e-05,0,0.0302528645843267,0.0229827053844929,0
0,0.0194846447557211,0.0131912138313055,0.00561253447085619,0,0.0485115982592106,9.81714547378942e-05,0.00843075010925531,0.00183512980584055,0.00977067463099957,0.0243418999016285,0,0.0122860167175531,0,0.00949992053210735,0,0.0158817879855633,0.0106190582737327,0.00642725825309753,0.020051509141922,0.0284726358950138,0,0.0729939788579941,0.429520457983017,0.168685108423233,0.108640752732754,0.0546117313206196,0.0846501067280769,0.132458329200745,0.0832716524600983,0.25213298201561,0.449791818857193,0.307670801877975,0.108488224446774,0.0394543409347534,0.107351280748844,0.118320189416409,0.102248072624207,0.076349213719368,0.0610955655574799,0.0373176112771034,0.000362626276910305,0,0.0461060926318169,0,0,0,0
0.180603742599487,0,0,0,0.0686002746224403,0,0,0,0.317578881978989,0,0,0,0.444963216781616,0,0,0,0.353716313838959,0,0,0.0153293143957853,0.0748578757047653,0,0.00219815736636519,0.0345816239714622,0.0153098506852984,0,0.026993528008461,0.00492586987093091,0,0,0.0313215143978596,0.0146454926580191,0,0,0.024743590503931,0.0334634594619274,0,0.0398723669350147,0.00908685196191072,0.00433487305417657,0.0289458744227886,0,0.00971484463661909,0.012559100985527,0,0.0217984672635794,0.0399559959769249,0.00549128744751215
0,0,0,0,0.00878383778035641,0,0.00726109137758613,0.0111226439476013,0,0,0,0,0,0,0,0,0.0825519114732742,0,0,0,0.39764815568924,0,0,0,0,0,0,0,0,0.00495385192334652,0,0,0.0408840700984001,0.0268349088728428,0.00460101990029216,0,0.0162777230143547,0,0.0033579736482352,0.043177854269743,0.00454925047233701,0,0,0.00111140753142536,0,0,0,0
0,0,0,0,0.00191920157521963,0,0,0,0,0.0224164426326752,0,0,0,0.0145453345030546,0,0,0.107933901250362,0.101284466683865,0.00586765538901091,0,0.114621415734291,0.218183308839798,0,0,0.576574683189392,0.584164261817932,0,0.00619288813322783,0.343987584114075,0.367240130901337,0.013184966519475,0.0126751866191626,0.231985524296761,0.245476126670837,0.00486910296604037,0.00146217341534793,0.186820417642593,0.0109747974202037,0.00859766826033592,0.00424991408362985,0,0.0126365050673485,0,0,0.00481202686205506,0,0,0
0.0120294438675046,0,0,0.0699352771043777,0.0639944672584534,0.0139647144824266,0,0.0349259115755558,0.0731458887457848,0.0644426122307777,0.0777657255530357,0.10296343266964,0.283652126789093,0.251784026622772,0.167736619710922,0.120486296713352,0.359607219696045,0.25002583861351,0.256835401058197,0.144408419728279,0.330527484416962,0.327182292938232,0.169748887419701,0.0460332594811916,0.193488404154778,0.26286655664444,0.200968191027641,0.265996485948563,0.263518929481506,0.165698975324631,0.174801498651505,0.125118225812912,0.136244565248489,0.0774186477065086,0.25332373380661,0.162279605865479,0.186803594231606,0.231473296880722,0.240079969167709,0.24512979388237,0.149299681186676,0.0115454774349928,0.0013934395974502,0.0604589059948921,0,0,0.0126570165157318,0
0,0,0,0,0,0,0,0,0,0,0,0,0,0.0432880595326424,0,0,0,0.330679804086685,0,0.0202700421214104,0.0392304919660091,0.308072566986084,0,0.0071230037137866,0.000892534852027893,0.0465125478804111,0,0.0463639162480831,0.158452197909355,0.00887760706245899,0,0.0207958780229092,0.0488460101187229,0.0592011734843254,0.00707040634006262,0,0.101315818727016,0,0,0,0,0.0116994734853506,0,0,0.00629676505923271,0,0,0
0.0599690899252892,0,0.00254853977821767,0.0150815770030022,0.0400005057454109,0,0,0,0.0712671726942062,0.00604713940992951,0,0,0.0342951230704784,0.016016973182559,0,0,0,0,0,0,0,0,0,0,0,0,0,0,0,0.0375407859683037,0,0,0,0.334967613220215,0.236805528402328,0.281906485557556,0.540989696979523,0.760442316532135,0.692380607128143,0.632185339927673,0.453638017177582,0.259335070848465,0.49679046869278,0.525344491004944,0.0627832189202309,0.0101998634636402,0.0349243879318237,0.158825218677521
0,0,0.00923964567482471,0,0.00319176027551293,0.000707511964719743,0,0,0,0,0,0,0,0,0.0117789898067713,0,0,0,0.138846665620804,0.0640179663896561,0,0,0.0360573790967464,0.145001068711281,0,0.00818522460758686,0.252229958772659,0.324028968811035,0,0,0.457488298416138,0.638028085231781,0.0766715258359909,0.121606111526489,0.462872087955475,0.553441882133484,0.275899648666382,0.182219713926315,0.316458702087402,0.361475765705109,0.119957193732262,0.0206928662955761,0.0859203934669495,0.136240094900131,0,0,0.00401227595284581,0.0027831164188683
0.158638954162598,0.051068127155304,0.121516481041908,0.00972408894449472,0,0.0139265600591898,0,0,0,0,0,0,0,0,0,0,0,0,0,0,0,0,0,0,0,0,0,0,0,0.144691869616508,0.347541332244873,0.282405227422714,0.0971715301275253,0.51129150390625,0.578382551670074,0.523421347141266,0.632351994514465,0.567201316356659,0.56997936964035,0.548003315925598,0.408241033554077,0.175178721547127,0.215563133358955,0.334864467382431,0.00538461003452539,0.00838146824389696,0.0309931188821793,0.146501928567886
0.101142540574074,0.462660878896713,0,0,0.136613011360168,0.0400452092289925,0,0,0,0,0,0,0,0,0,0,0,0,0,0,0,0,0,0,0,0,0,0,0,0,0,0,0,0,0,0,0,0,0.0530586242675781,0.0121661890298128,0,0.0143105881288648,0,0,0.0296594388782978,0.025215420871973,0.0557377338409424,0.038015004247427
0,0,0.0193726029247046,0,0,0,0.0565150864422321,0.00932527240365744,0,0,0,0,0,0,0,0.029870729893446,0,0,0.0130532337352633,0,0,0,0.110991731286049,0.752654194831848,0.599329054355621,0.491837829351425,0.154322892427444,0,0.0215116236358881,0,0.121447063982487,0.750604510307312,0.172354370355606,0.0105068599805236,0,0,0.00546711636707187,0,0,0,0.0174790266901255,0,0,0,0.0137509675696492,0,0,0
0,0,0.337705790996552,0,0,0,0.489094108343124,0,0,0,0,0,0,0,0,0,0,0,0,0,0,0,0,0.00178807543125004,0,0,0,0,0,0,0,0,0,0,0,0,0,0.0044074971228838,0,0,0.00487528741359711,0.00668707583099604,0.0484489500522614,0.0320096500217915,0,0.0070778070949018,0.0024611558765173,0.0175141934305429
0.100546255707741,0.154701143503189,0.0764086022973061,0.0479778125882149,0.196017652750015,0.137403130531311,0.0483586117625237,0.109450832009315,0.0949813723564148,0.0710250064730644,0.095284141600132,0.0722175091505051,0.0858349874615669,0.0471585728228092,0.062336765229702,0.0552992895245552,0.0926249399781227,0.0300164707005024,0.169010877609253,0.115008369088173,0.0706449821591377,0.0804484933614731,0.235214024782181,0.34156459569931,0.263085305690765,0.271659553050995,0.391113936901093,0.314342796802521,0.270214676856995,0.281333446502686,0.475127846002579,0.443576276302338,0.267418295145035,0.197483256459236,0.306231677532196,0.186227887868881,0.205924317240715,0.18789230287075,0.228792160749435,0.211414068937302,0.16165155172348,0.0479551069438457,0.126603275537491,0.0989073812961578,0,0,0,0.0132431220263243
0,0,0,0,0,0,0,0,0,0,0,0,0,0,0,0,0,0,0,0.0126168429851532,0,0.0101774968206882,0,0,0,0,0,0.00407044496387243,0.0197339504957199,0.0103890281170607,0,0,0.137054100632668,0.168440908193588,0.00216729193925858,0,0.502795815467834,0.117024205625057,0.030035313218832,0.0377832613885403,0.0290581583976746,0.0192894786596298,0.0196351669728756,0.0109823420643806,0,0,0.0184293650090694,0
0,0,0,0,0,0,0.00235717836767435,0.00469471886754036,0,0,0.0211362354457378,0,0.0239405035972595,0.0414415374398232,0.318087518215179,0,0.00224397983402014,0.0199665389955044,0.0876050144433975,0,0.122719809412956,0.00190860929433256,0,0,0.052605003118515,0.021766934543848,0,0,0.0497696101665497,0,0,0,0.0413894914090633,0.000952693808358163,0,0,0,0,0,0,0,0,0.00330021535046399,0,0,0,0.0214665792882442,0
0.00126986834220588,0.0729411020874977,0.0432874336838722,0,0.36188930273056,0.399879485368729,0,0.0276154316961765,0.0157802291214466,0.216878414154053,0,0.163492262363434,0.0330661199986935,0.0584842972457409,0,0.147712901234627,0,0,0,0.0152173219248652,0.0139200519770384,0,0,0.0122339120134711,0,0,0.02383828535676,0.00342496042139828,0,0,0,0,0,0.0323721691966057,0,0.0178991295397282,0,0.00476391520351171,0,0,0,0,0,0,0.0898179858922958,0.00523959239944816,0.0391660332679749,0
0.0276461690664291,0,0.272201627492905,0.123654820024967,0.028047839179635,0,0.0365252904593945,0,0,0,0,0,0,0,0,0,0,0,0,0,0,0,0,0,0,0,0,0,0,0,0.0147656397894025,0.0182132292538881,0.0736749768257141,0.0449953079223633,0.0105236480012536,0.0249946191906929,0.110218964517117,0.0390900149941444,0.0439765900373459,0.0259122643619776,0.0399668700993061,0.047146987169981,0.109442338347435,0.0836145579814911,0.0475447699427605,0.00895760022103786,0.0703190192580223,0
0,0.0106696635484695,0.0190541427582502,0.00685145240277052,0,0.0390590764582157,0.00985652022063732,0,0,0.0100809186697006,0,0,0,0,0.0570647902786732,0,0,0,0,0,0,0,0,0.041573952883482,0.00429981481283903,0,0.033258955925703,0.00199631485156715,0,0.0490502789616585,0.062318217009306,0.17156907916069,0.0381548032164574,0.129484325647354,0.280617773532867,0.303558439016342,0.342755854129791,0.304045915603638,0.245730802416801,0.315018236637115,0.0990927517414093,0.0337605401873589,0.0265151374042034,0.0144712151959538,0.0191560573875904,0,0,0.00767224049195647
0,0,0,0,0,0,0,0,0,0,0,0,0,0,0,0,0,0,0,0,0,0,0,0.0271062459796667,0.000224379444262013,0.143782511353493,0.612296521663666,0.377753257751465,0.0123411174863577,0,0.160818487405777,0.197996243834496,0.0214533284306526,0,0.244588941335678,0.104187920689583,0,0.00611562002450228,0.068562239408493,0.0214500334113836,0.0326443910598755,0.0187435504049063,0,0,0.0261792838573456,0,0.0248759612441063,0.0212959237396717
0.239880681037903,0.0424492247402668,0.0339479520916939,0.0612612664699554,0.174391895532608,0.0434969179332256,0.066406175494194,0.00795422587543726,0.157841086387634,0.0464817211031914,0.00504322629421949,0.0573418326675892,0.0511001423001289,0.0574228391051292,0.0564977750182152,0.0505845844745636,0.0454031862318516,0.0399943068623543,0.0854142755270004,0.0374957732856274,0.0274932570755482,0.021054595708847,0.120494067668915,0.00100776623003185,0,0,0.0303542707115412,0,0.0276637319475412,0,0.274829834699631,0.066352404654026,0,0.0561528988182545,0.18698114156723,0.239758566021919,0.230009600520134,0.303810209035873,0.341250479221344,0.319216251373291,0.256898075342178,0.166756018996239,0.0765238553285599,0.160048618912697,0.0215539894998074,0.00217433460056782,0,0.012847107835114
0.325567096471786,0.258277624845505,0,0,0.156661540269852,0.0113942222669721,0,0.00559248682111502,0.119127668440342,0.380266815423965,0,0,0,0,0,0,0,0.0222903601825237,0,0,0,0,0,0,0,0,0,0,0,0,0,0,0,0,0,0,0,0,0,0,0,0,0,0,0.0309372246265411,0,0,0.010502003133297
0,0,0,0,0,0,0,0,0,0,0,0,0,0,0,0,0,0.00133512238971889,0.00885296519845724,0.0106367003172636,0.0136946858838201,0.0514076873660088,0.0350193753838539,0.257995903491974,0.49040874838829,0.500512421131134,0.109070219099522,0.0505780503153801,0.0188712012022734,0.00963890459388494,0.0676193684339523,0.17885622382164,0.225085496902466,0.0614899806678295,0.00278246914967895,0.000764272001106292,0.00392736867070198,0.0143086882308125,0,0,0,0,0,0.00903560686856508,0.00998479407280684,0,0.0218694098293781,0.0124486219137907
0,0,0.0213085561990738,0.00449681980535388,0,0.0295393280684948,0,0,0,0,0,0.00323358806781471,0,0,0.00597257120534778,0,0.0116587961092591,0,0,0,0.00581064913421869,0.0312072336673737,0.0350073650479317,0.0371051914989948,0,0,0.149182587862015,0.142448872327805,0.136952906847,0.307394623756409,0.490655422210693,0.389716565608978,0.199773162603378,0.488464921712875,0.42198371887207,0.326903790235519,0.556482493877411,0.584583401679993,0.48256316781044,0.490324586629868,0.47034564614296,0.244443565607071,0.361137479543686,0.456875145435333,0.0322480611503124,0.00612660869956017,0.0463988855481148,0.0147287752479315
0.0109708216041327,0,0,0,0,0,0.138774305582047,0.0335472337901592,0.227122381329536,0,0.273115694522858,0.286851465702057,0.243772223591805,0.0193833000957966,0.33930578827858,0.274027496576309,0.384327679872513,0.0702797099947929,0.197863161563873,0.0715277493000031,0.118921674787998,0,0.0168530903756618,0.00374951912090182,0.0851180255413055,0,0,0,0.0494784936308861,0.00470348540693521,0.00696616154164076,0.0146625880151987,0.0778988599777222,0.0213701799511909,0,0.0229888223111629,0.0113548394292593,0.00137397239450365,0.0284839905798435,0.00727856624871492,0,0.00777848158031702,0.0228695590049028,0.00143669324461371,0.00270094769075513,0,0,0.0113500785082579
0,0,0,0,0,0,0,0,0,0,0,0,0,0,0,0,0,0.0392077006399632,0,0,0.0524110980331898,0.0282197799533606,0.00605170801281929,0,0.186000928282738,0.3120077252388,0,0,0.194705337285995,0.158357188105583,0,0,0.158040553331375,0,0,0,0,0,0,0,0,0,0.0128354849293828,0,0.0133559908717871,0.0110318344086409,0.00498228007927537,0.00832135044038296
0,0,0,0,0,0,0,0,0,0,0,0,0,0,0,0,0.0690267458558083,0,0,0,0.320516616106033,0,0.00488010048866272,0,0,0,0,0,0,0,0,0,0,0,0,0,0,0,0,0,0,0.0258865468204021,0.0383828096091747,0.013153170235455,0,0,0.00218307599425316,0
0.0978590399026871,0.0012840103590861,0,0.00707356398925185,0.253989517688751,0.0131822135299444,0.00311962002888322,0,0.456413090229034,0.0236237905919552,0,0,0.262314885854721,0,0,0,0.261070281267166,0,0,0,0.0198619775474072,0,0,0,0,0,0,0,0,0,0,0,0,0,0,0,0,0,0,0,0,0,0,0.00672659743577242,0,0,0,0
0,0,0,0,0,0,0,0,0,0,0,0,0,0,0,0.0176720172166824,0,0,0.104385651648045,0.0974085703492165,0,0.0127682462334633,0.0992997661232948,0.378344923257828,0.0472440794110298,0.0769794434309006,0.199715942144394,0.067015178501606,0.0107693765312433,0.0846725776791573,0.256988316774368,0.0531894750893116,0.0641093105077744,0.022915031760931,0.0522191114723682,0.0570709519088268,0.00810063350945711,0,0.0262231379747391,0.0448865853250027,0.0374868214130402,0,0.0367530956864357,0,0,0,0,0
0.0195376388728619,0.000160128620336764,0,0,0,0,0,0.0241424739360809,0.0209208093583584,0,0,0.0367781445384026,0,0,0,0,0,0,0.0833358094096184,0.064071349799633,0,0,0.0365393683314323,0.163070678710938,0.11896850168705,0.141986936330795,0.324395358562469,0.151089787483215,0.119823612272739,0.0583699271082878,0.201096892356873,0.174981564283371,0.177824050188065,0.17548294365406,0.261839926242828,0.156177371740341,0.177035108208656,0.112349256873131,0.177113816142082,0.158432573080063,0.202237755060196,0.0978983715176582,0.117090746760368,0.0596969202160835,0.0108928922563791,0.013831396587193,0.0818354934453964,0.0103889647871256
0.0449056178331375,0.134101390838623,0.110223032534122,0.0731359273195267,0.122914113104343,0.219895988702774,0.0518589094281197,0.203558355569839,0.0509289726614952,0.141574501991272,0.156804859638214,0.172888994216919,0,0.094649963080883,0.140054643154144,0.179533153772354,0.0380536913871765,0.125852465629578,0.400077432394028,0.278827488422394,0.152507096529007,0.0698319524526596,0.372108995914459,0.486911714076996,0.321800887584686,0.278174608945847,0.543174266815186,0.417683273553848,0.299085676670074,0.264238059520721,0.47206312417984,0.473198413848877,0.271628856658936,0.384095579385757,0.389398276805878,0.36906909942627,0.391120851039886,0.441293954849243,0.467527061700821,0.464505732059479,0.458270013332367,0.168867513537407,0.152039438486099,0.286706954240799,0,0,0.0394055582582951,0.0182776488363743
0.00993162672966719,0.0768973305821419,0.13375136256218,0,0.184167712926865,0.0290579497814178,0.29862055182457,0.220696642994881,0.338282287120819,0.318877875804901,0.455219894647598,0.538074612617493,0.342014878988266,0.489521652460098,0.494146168231964,1.11154103279114,0.460193336009979,0.578376412391663,0.344410955905914,0.396521508693695,0.410933196544647,0.477024257183075,0.209930703043938,0.213568687438965,0.717384397983551,0.870991587638855,0.222892761230469,0.202615335583687,0.385912120342255,0.440671920776367,0,0.143726527690887,0.224166303873062,0.0861585065722466,0.0206702724099159,0.023719260469079,0,0,0,0,0,0,0,0,0,0,0,0
0.0352153778076172,0,0.181174471974373,0.129596710205078,0.0373877808451653,0,0.0257237814366817,0.0995489731431007,0.0320706889033318,0.000300216663163155,0.206829026341438,0.497723579406738,0.245047733187675,0.320585310459137,0.220391944050789,0.535314202308655,0.544817686080933,0.440209567546844,0.244118541479111,0.531844615936279,0.326241940259933,0.530667245388031,0.102012112736702,0.0250240005552769,0.398501098155975,0.41546231508255,0,0,0.317999482154846,0.14137390255928,0,0,0.0643876940011978,0.08350820094347,0,0,0.026552826166153,0,0,0,0,0,0,0,0,0,0,0
0.181019738316536,0.114001080393791,0.137111321091652,0.180656909942627,0.21272449195385,0.148821130394936,0.251427948474884,0.210483282804489,0.204685479402542,0.136723071336746,0.178897693753242,0.200367525219917,0.169009178876877,0.0796157121658325,0.166142255067825,0.214989975094795,0.206835895776749,0.199684351682663,0.194281488656998,0.266490519046783,0.233624488115311,0.19497387111187,0.230384781956673,0.336557745933533,0.315782099962234,0.277159303426743,0.287925153970718,0.360824525356293,0.317189902067184,0.274324774742126,0.263719290494919,0.270763695240021,0.290937840938568,0.239629700779915,0.0946222692728043,0.104006864130497,0.166098907589912,0.106404043734074,0.0758941844105721,0.0718512162566185,0.0545017309486866,0,0,0,0,0,0,0
0,0.0903308466076851,0.0958972424268723,0.00625097146257758,0.0677744001150131,0.0897272229194641,0.077895924448967,0.0102706803008914,0.0405674651265144,0.107721492648125,0.0729914456605911,0.0204804725944996,0,0.0181243736296892,0.0818453803658485,0.0593233481049538,0,0.151042237877846,0.14792512357235,0.206164330244064,0.203641533851624,0.321020036935806,0.367618173360825,0.465016841888428,0.434801429510117,0.438250869512558,0.446244567632675,0.316384375095367,0.389663845300674,0.375032514333725,0.403331428766251,0.393836975097656,0.504490494728088,0.353066146373749,0.250635027885437,0.266769349575043,0.335086762905121,0.216505363583565,0.201922491192818,0.235630422830582,0.205592781305313,0.0560172721743584,0.0728860348463058,0.109263405203819,0,0.0176072623580694,0.00566265126690269,0.00867491029202938
0.198096290230751,0.263931840658188,0.153390690684319,0.0573012456297874,0.230379864573479,0.182996526360512,0.102555014193058,0.0820014327764511,0.130333080887794,0.146081060171127,0.0232154838740826,0,0,0,0.00926021952182055,0,0,0,0.116770125925541,0,0.00901142135262489,0.0205121375620365,0.147234842181206,0.402487903833389,0.229583337903023,0.365629196166992,0.420124530792236,0.326490461826324,0.258993983268738,0.229846075177193,0.475866496562958,0.511467337608337,0.308989346027374,0.288023442029953,0.288898885250092,0.350763201713562,0.248121351003647,0.226365715265274,0.314017981290817,0.326462209224701,0.235994100570679,0.0792329907417297,0.0823999270796776,0.154447957873344,0.0177484527230263,0,0.0636434108018875,0.0240838397294283
0,0,0.0259370151907206,0.00958201754838228,0,0,0,0,0,0,0.105493523180485,0.175434216856956,0.0606872960925102,0.177933782339096,0.166853994131088,0.163383290171623,0.265681147575378,0.356350809335709,0.227909594774246,0.209518194198608,0.539169311523438,0.796144008636475,0,0.0320119485259056,0.773889601230621,0.694515347480774,0.0635129660367966,0.0411211438477039,0.621394991874695,0.391161412000656,0,0.0827552452683449,0.260847389698029,0.133950814604759,0.0193785708397627,0.0502704866230488,0.070322260260582,0,0,0,0,0,0,0,0,0.0116549637168646,0,0
0,0,0.0613771304488182,0,0,0,0,0,0.00484846625477076,0,0,0,0,0,0,0,0,0,0,0,0.045167300850153,0,0,0.10391590744257,0,0,0,0,0.0941656678915024,0.0539612583816051,0.312571823596954,0.118746496737003,0.183032929897308,0.079543836414814,0.17040166258812,0.164475351572037,0.196230977773666,0.134379476308823,0.205301567912102,0.201789572834969,0.115519538521767,0.0390789620578289,0.232923746109009,0.141002908349037,0.11777663230896,0,0.00829564966261387,0.0798715129494667
0.0517837628722191,0.0371791198849678,0.106266595423222,0.0556499771773815,0.0995525643229485,0.0223375800997019,0.169804602861404,0.0767233222723007,0.0200789924710989,0.0315487757325172,0.0975033268332481,0.121922291815281,0.0701483190059662,0.0978132635354996,0.229538530111313,0.106255903840065,0.142464265227318,0.161020666360855,0.242546200752258,0.12832322716713,0.161030933260918,0.210910707712173,0.162655666470528,0.0202285200357437,0.0197397917509079,0.0575632639229298,0.0902287214994431,0.0457811430096626,0.262238264083862,0.213323622941971,0.181997805833817,0.0605488009750843,0.151384741067886,0.153308123350143,0.0933351144194603,0.137927919626236,0.143998920917511,0.114869080483913,0.165523663163185,0.140176370739937,0.107540681958199,0.0162692535668612,0,0.0582771077752113,0,0,0,0.0291612688452005
0.239024847745895,0.37811467051506,0.284747779369354,0.276536703109741,0.486142814159393,0.611842513084412,0.516172289848328,0.306287288665771,0.297962635755539,0.519951701164246,0.581239223480225,0.206156879663467,0.237281650304794,0.489342391490936,0.835379123687744,0.405770778656006,0.504936933517456,0.587630867958069,0.708933115005493,0.409217298030853,0.424683392047882,0.369198232889175,0.662180066108704,0.521145224571228,0.484348595142365,0.315406024456024,0.764161705970764,0.661411941051483,0.345525562763214,0.386110842227936,0.708220601081848,0.570522904396057,0.349052488803864,0.272829353809357,0.443906217813492,0.407404512166977,0.128211706876755,0.24907223880291,0.43958705663681,0.286589056253433,0.122600339353085,0.0749134570360184,0.0962086543440819,0.0226410534232855,0,0,0.00887003261595964,0.0240739528089762
0.0442414842545986,0.0273911021649837,0.0683731287717819,0,0.059170626103878,0.031600397080183,0.0551066808402538,0.052282877266407,0,0,0,0.194448247551918,0,0,0.105359956622124,0,0,0.0198553688824177,0.0405441895127296,0.016696548089385,0,0.0148148490116,0.0525699183344841,0.0505887642502785,0,0,0.0669028908014297,0,0.0481429398059845,0.0282633192837238,0.108576938509941,0,0.0429186001420021,0.064396932721138,0.100543580949306,0.0351334735751152,0.176230221986771,0.114895321428776,0.220447853207588,0.201609373092651,0.042298685759306,0.0296880509704351,0.134792372584343,0.0314665362238884,0,0,0,0.0279937945306301
0.154206842184067,0.18916055560112,0.0838406383991241,0.144059985876083,0.254805386066437,0.183637648820877,0.109076358377934,0.193858116865158,0.0817058756947517,0.271938979625702,0.0639323145151138,0.0280059035867453,0,0.0627044215798378,0.0151604367420077,0.0501614809036255,0.0811882466077805,0.0995609909296036,0.147376582026482,0,0.0675801411271095,0,0.0451180711388588,0.171547651290894,0.255682975053787,0.264046639204025,0.0746301412582397,0.00118442287202924,0.162360295653343,0.079666830599308,0.0154022071510553,0.186951696872711,0.144180834293365,0.278322339057922,0.0746569111943245,0.192821696400642,0.363419234752655,0.375496715307236,0.378106862306595,0.425981432199478,0.261300027370453,0.0750141590833664,0.100756384432316,0.22545662522316,0.0218014363199472,0,0,0
0,0,0,0.184336796402931,0.0518404953181744,0.0893663093447685,0.111098662018776,0.395958334207535,0.189307376742363,0.284339249134064,0.167195394635201,0.657277584075928,0.606983065605164,0.431412935256958,0.200076729059219,0.643462002277374,0.736319720745087,0.534142017364502,0.199413821101189,0.685639441013336,0.607164740562439,0.482562780380249,0.144610151648521,0.112144328653812,0.436647653579712,0.773918807506561,0.12288373708725,0.414360851049423,0.309537291526794,0.187462836503983,0.0597357079386711,0.0580482594668865,0.220617815852165,0.104726433753967,0.130696713924408,0.177478894591331,0.193239107728004,0.216684728860855,0.0287022441625595,0.227406933903694,0.0325089357793331,0,0.0387713797390461,0,0,0,0,0
0.0666780695319176,0.0458602234721184,0,0.0413139052689075,0.148531913757324,0.129713803529739,0.00262117153033614,0.139416217803955,0.150418505072594,0.056054413318634,0.042948879301548,0.0778506845235825,0.0691951960325241,0,0.0298919882625341,0.0415591187775135,0.035796757787466,0.0517942607402802,0.0803296193480492,0.179571732878685,0.0997652783989906,0.0729224681854248,0.149338200688362,0.289904624223709,0.198287054896355,0.13396093249321,0.175603896379471,0.154247492551804,0.140917405486107,0.0934166386723518,0.248075753450394,0.259282141923904,0.230837255716324,0.195745870471001,0.173703119158745,0.173054814338684,0.248735159635544,0.182044833898544,0.211050793528557,0.206478670239449,0.194105461239815,0.0828790217638016,0.0924561470746994,0.0672543048858643,0,0.00211754301562905,0.0579570531845093,0.0439575649797916
0,0,0,0,0,0.0350530408322811,0,0,0,0.0265323519706726,0,0,0,0,0,0,0,0,0.0178988240659237,0,0,0,0.0809798911213875,0.133778408169746,0,0.0208896901458502,0.114748433232307,0.00859320256859064,0.0812015980482101,0.0879727527499199,0.149120211601257,0.124799862504005,0.102775990962982,0.15881884098053,0.123489774763584,0.125962421298027,0.230223178863525,0.201130867004395,0.285099267959595,0.203691199421883,0.22889406979084,0.154977291822433,0.228252559900284,0.256794184446335,0.0335568375885487,0.0411797761917114,0.0940699428319931,0.0698766708374023
0.0256382431834936,0.0465980470180511,0.0702246800065041,0,0.0237544290721416,0.0965327620506287,0,0.0302648786455393,0.0191330909729004,0.0591128543019295,0,0.000337196892360225,0,0.103267155587673,0,0,0,0,0,0.0452112145721912,0.0729271471500397,0.0906694456934929,0.140896484255791,0.144267410039902,0.0605406537652016,0.152732819318771,0.0732597187161446,0.0824694037437439,0.108237758278847,0,0.182785272598267,0.119341112673283,0.184429094195366,0,0.170775443315506,0.165265738964081,0.177624464035034,0.22995987534523,0.261034458875656,0.306627422571182,0.046733520925045,0.0243233554065228,0.154560878872871,0.102234981954098,0,0,0,0.0399938821792603
0.014863321557641,0.0363326594233513,0,0,0,0,0,0,0.0241535902023315,0,0,0.0599474795162678,0,0,0,0.0245145075023174,0.000368948472896591,0.00820040144026279,0.0928423702716827,0.0649603083729744,0.0142090674489737,0.112218834459782,0.0760306417942047,0.263797581195831,0.15676686167717,0.201220795512199,0.256218552589417,0.134785950183868,0.16229435801506,0.099988117814064,0.243173599243164,0.29144749045372,0.257828623056412,0.165237739682198,0.233446389436722,0.183190807700157,0.161556869745255,0.0851335451006889,0.129058584570885,0.117581345140934,0.0964056998491287,0.0489690117537975,0.0575535409152508,0.00631840014830232,0.00106384488753974,0.0205945651978254,0.0875437408685684,0.000157266302267089
0.0370605364441872,0.0174243431538343,0.0789877772331238,0.0983743220567703,0.0814088955521584,0.0496727451682091,0.194226607680321,0.0896478220820427,0,0.0527530536055565,0.207469746470451,0.0660311877727509,0,0.0369557924568653,0.259116023778915,0.126615718007088,0.0470423027873039,0.0945395678281784,0.393791973590851,0.218971893191338,0.0426501557230949,0.0343198552727699,0.262877017259598,0.44980850815773,0.36145406961441,0.418382108211517,0.554665923118591,0.473095089197159,0.30509278178215,0.287964463233948,0.494686037302017,0.649965405464172,0.490560948848724,0.346109539270401,0.499134540557861,0.409895122051239,0.241746857762337,0.296581774950027,0.405213981866837,0.343445152044296,0.209376409649849,0.0913064703345299,0.0635297298431396,0.0952282771468163,0,0,0.0249650869518518,0
