0,0,1.11998784542084,0,0,0.0181277729570866,1.84414446353912,0,0,0,0.930618464946747,0,0,0,1.06187450885773,0,0,0,0.120653629302979,0,0,0,0,0,0,0,0.00566165335476398,0,0,0,0.0630819350481033,0,0,0,0.0723114162683487,0,0,0,0,0,0,0,0,0.0818846821784973,0.0525359734892845,0.0397580862045288,0.0228402726352215,0.01637102663517
0,0,0.713651478290558,0,0,0.146486803889275,2.3363094329834,0,0,0,0.677768349647522,0,0,0,1.07887446880341,0,0,0,0.128100603818893,0,0,0,0,0,0,0,0,0,0,0,0,0,0,0,0,0,0,0,0,0,0.0432605631649494,0.0427543595433235,0,0.110173009335995,0.158529102802277,0,0.0516056716442108,0.0042718737386167
0,0,1.10636830329895,0,0,0,0.498863637447357,0,0,0,1.46576225757599,0,0,0,0.226619154214859,0,0,0,0.827060103416443,0,0,0,0,0,0,0,0.134096533060074,0,0,0,0,0,0,0,0.363449931144714,0,0,0,0,0,0.00287336390465498,0.00134247983805835,0,0,0,0.0361736603081226,0.0395307615399361,0.00248537142761052
0.0391262695193291,0.858323395252228,1.1866090297699,0.133311659097672,0.0410539992153645,0.0568074360489845,0.437105566263199,0,0,0,0.538909435272217,0,0,0,0,0,0,0,0,0,0,0,0,0,0,0,0,0,0,0,0,0.0112823965027928,0,0.00880834460258484,0,0,0,0,0,0,0,0,0.00543839344754815,0,0.0251802764832973,0.0478943511843681,0.0342023596167564,0
0.122114196419716,0.0177737418562174,0.101947233080864,0,0.107352063059807,0.0743665471673012,0.433648526668549,0,0.030436197295785,0,0,0,0,0,0.00266556278802454,0,0,0,0.0140679152682424,0,0,0.000595552555751055,0.0469067767262459,0.053907684981823,0.0483946725726128,0.0027986487839371,0.00574539974331856,0.0198800507932901,0.0401054322719574,0.040421474725008,0.122914597392082,0.131222739815712,0.0163377784192562,0,0,0.021060461178422,0.0144142340868711,0,0,0.0249247848987579,0.0379178263247013,0,0,0,0.029021143913269,0,0.0189674608409405,0.018152479082346
0,0,0,0,0,0,0,0,0,0,0.0440892167389393,0,0,0,0,0,0,0,1.70394229888916,0,0,0,0.788635849952698,0,0,0.169836968183517,1.11102175712585,0.335114777088165,0,0,0,0,0,0.00172536820173264,0.5668705701828,0.17529159784317,0,0,0,0,0.0259933359920979,0.0104112597182393,0.0194231178611517,0,0.0196424648165703,0.0277989096939564,0,0
0,0,0,0,0,0.14357191324234,0,0,0,0.0872224718332291,0,0,0,1.13552832603455,0.107342444360256,0,0,0.917733550071716,0.366021364927292,0,0,1.05657076835632,0.404807716608047,0,0,0.222430393099785,0.309404999017715,0.0405272245407104,0.0119046391919255,0.288396179676056,0.0820130035281181,0.0277104638516903,0,0.0268858280032873,0.00218836939893663,0.0242273807525635,0,0,0,0,0,0.00471369363367558,0,0,0.0269346050918102,0,0,0.0776076167821884
0,0,1.27304649353027,0,0,0,1.4410138130188,0,0,0,1.2724130153656,0,0,0,1.14951872825623,0,0,0,0.719919264316559,0,0,0,0,0,0,0,0.0857919156551361,0,0,0,0,0,0,0,0.147699445486069,0,0,0,0,0,0,0,0,0.0100905848667026,0.0303105507045984,0.0266318414360285,0.0349193625152111,0
0,0.219014406204224,1.4369683265686,0.335924804210663,0,0,0.605358004570007,0,0,0,0.377264201641083,0,0,0,0.0585768707096577,0,0,0,0,0,0,0,0,0,0,0,0,0,0,0,0,0,0,0,0,0,0,0.00259004300460219,0,0,0,0.00983273051679134,0.0076826736330986,0.038143340498209,0,0.00254422938451171,0.00620399974286556,0
0,0.765930533409119,0,0,0.292468965053558,1.2313756942749,0.0581577904522419,0,0,0.107660911977291,0,0,0,0,0,0,0,0,0,0,0,0,0,0,0,0,0,0,0,0,0,0,0,0,0,0,0,0,0,0,0,0,0,0.0297547727823257,0.00351795181632042,0,0,0.00630380818620324
0,0,0,0,0,0,0,0,0,0,0,0,0,0,0,0,0.582777917385101,0,0,0,1.20896029472351,0,0,0,0.260583490133286,0,0,0,0.0347577221691608,0,0,0.026250034570694,0.066255047917366,0,0.0478573814034462,0.00781708396971226,0.117173030972481,0.0131956283003092,0.0518804267048836,0.036992035806179,0.0533149465918541,0,0.0472213886678219,0,0,0.0291058216243982,0,0
0,0.0219163689762354,0.0177098512649536,0,0.0212694816291332,0.00347337243147194,0.0337986759841442,0,0.200905174016953,0,0.00822484027594328,0,0.829261422157288,0.0017802722286433,0,0,0.962713837623596,0.0964995920658112,0,0.0193401575088501,0.955303549766541,0.227669522166252,0.00768086453899741,0.0364252850413322,0.552551031112671,0.162960469722748,0,0,0.560723304748535,0.138874128460884,0,0.000598977203480899,0.0356278419494629,0.0763437673449516,0,0,0,0,0,0,0.00435088761150837,0.00426199240610003,0,0,0.000218328321352601,0,0,0
0.243962496519089,0.628938555717468,0.0177250858396292,0,0.0488222017884254,0.0213090106844902,0.0283749289810658,0.106018856167793,0.0259380005300045,0,0,0,0,0,0,0,0,0,0,0,0,0,0,0,0,0,0,0,0.0065167723223567,0,0,0,0,0,0,0,0,0,0,0,0.0117977885529399,0.0333309732377529,0,0,0,0,0,0
0,0,0,0.249811440706253,0,0,0,0.616779565811157,0,0,0,0.73400753736496,0,0,0,1.00330185890198,0,0,0,1.18163287639618,0,0,0.0107740741223097,0.266123712062836,0,0,0.0441011488437653,0.133560866117477,0.019595455378294,0.0254679806530476,0,0.0423927195370197,0,0,0.0145640196278691,0.013671082444489,0,0.00363341113552451,0,0,0,0.0508966520428658,0,0,0.00389445433393121,0.0312811955809593,0.014277895912528,0.000918649486266077
0,0,0,0,0.0166642256081104,0.0162319224327803,0.88742196559906,0,0.0181148387491703,0,0.0363604612648487,0,0,0,0.158778041601181,0,0,0,0,0,0,0,0,0,0,0,0,0,0,0,0,0,0,0,0,0,0,0.0333583690226078,0,0,0.0756546631455421,0.0120720090344548,0,0.10493453592062,0.0547040328383446,0.148873776197433,0.0470102988183498,0.0472180023789406
0,0.0983330830931664,0,0,0,1.6268253326416,0.00661827018484473,0,0,0.0489283502101898,0,0,0,0.547541737556458,0,0,0,0,0,0,0,0,0,0,0,0,0,0,0,0,0,0,0,0,0,0,0,0,0,0,0,0,0.00829716585576534,0,0,0,0.00127594056539237,0
0.676286697387695,0,0,0,0.945417702198029,0,0,0,0.953714370727539,0,0,0,0.699903130531311,0,0,0,0.106701575219631,0,0,0,0,0,0,0,0,0,0,0,0,0,0,0,0,0,0,0,0,0,0,0.00336204282939434,0.00260595558211207,0.0137059194967151,0,0,0,0,0.0417661108076572,0.0181881096214056
0.190547734498978,0.0141448080539703,0,0.188203141093254,2.00105953216553,0.478529214859009,0,0,0.0525761842727661,0,0,0,0.0361200235784054,0,0,0,0,0,0,0,0.00321803544647992,0,0,0,0,0,0,0,0,0,0,0,0,0,0.0214176364243031,0,0,0.041178535670042,0.0488568134605885,0.00318758608773351,0,0,0.0737301632761955,0.0479458831250668,0.0141805317252874,0.0191703401505947,0.0471122600138187,0.00546485185623169
0.0314061865210533,0,0,0,0,0,0,0,1.00741183757782,0,0,0,0,0,0,0,0.626649498939514,0,0,0,0,0,0,0,0,0,0,0,0,0,0,0,0,0,0,0,0,0,0,0.0163946580141783,0,0,0.0887607112526894,0.0722234845161438,0.045061007142067,0.0271869506686926,0,0.11403139680624
0,0,0,0,0,0,0,0,0,0,0,0.171959012746811,0,0,0,0.296136647462845,0,0,0,1.18687701225281,0,0,0.0177879091352224,0.253798246383667,0.0402167476713657,0.00163043534848839,0.0209054313600063,0.118659101426601,0.138791844248772,0.174976021051407,0.100316897034645,0.309284180402756,0.17065142095089,0.13199657201767,0.0776410922408104,0.295991063117981,0.199013561010361,0.214341357350349,0.106269814074039,0.109608218073845,0.0153533341363072,0,0,0,0,0,0,0
0.0217754431068897,0.34453883767128,0,0,0.479669272899628,0.450031846761703,0,0,0,0.0223227348178625,0,0,0,0.00377434445545077,0,0,0,0.00510322768241167,0,0,0,0,0,0,0,0,0,0,0,0,0,0,0,0,0,0,0,0,0,0,0,0,0,0,0,0,0,0
0,0.577155232429504,0.00520423287525773,0,0.0213368628174067,1.22652494907379,0.375121414661407,0,0,1.08933639526367,0.0376460626721382,0,0,0.725287020206451,0,0,0,0.220657780766487,0,0,0,0.0102882040664554,0,0,0,0,0,0,0,0,0,0,0,0,0,0,0,0,0,0,0,0,0.0146547555923462,0,0.00907121412456036,0,0.0217289514839649,0.00559793412685394
0,0,0,0,0,0,0,0,0,0,0,0.145547747612,0,0,0,0.448269933462143,0,0,0,0.391653895378113,0,0,0,0.100130535662174,0,0,0,0,0,0,0,0,0,0,0,0,0,0.0249304212629795,0,0,0,0.144708752632141,0.0134220849722624,0.157362341880798,0.0357890129089355,0.0384514220058918,0.241111993789673,0
0.0481397435069084,0.0103231072425842,0,0.0157912485301495,1.03856408596039,0.133357420563698,0,0.0212830379605293,0.0431619621813297,0.0396155975759029,6.17010518908501e-05,0.00727291498333216,0.99750816822052,0.0400892719626427,0,0,0.0212847702205181,0,0,0,0.0654762238264084,0,0,0,0.00636071106418967,0,0,0,0,0,0,0,0,0,0,0,0,0,0,0,0,0,0,0.0282381717115641,0,0,0,0
0,0.0055318558588624,0,0,0,0.82074773311615,0,0,0,0.250564336776733,0,0,0,1.06143915653229,0,0,0,0.358977019786835,0,0,0,0.312336981296539,0,0,0,0,0,0,0,0.347550570964813,0,0,0,0.0642114207148552,0.00465139094740152,0.00160547939594835,0,0.00235614785924554,0,0,0,0.0244446340948343,0.0423069074749947,0.00963976792991161,0,0,0.0228836201131344,0.0650463178753853
0.0376467332243919,0,0,0,0,0,0,0,0,0,0,0,0,0,0,0,0,0,0,0,0,0,0,0,0,0,0.0585593283176422,0.182692557573318,0,0.44925919175148,0.334192126989365,0.372598499059677,0.111591875553131,0.469211637973785,0.419505655765533,0.616435170173645,0.409382909536362,0.588484525680542,0.582644283771515,0.474356800317764,0.287679851055145,0.103671886026859,0.0350087061524391,0.104836381971836,0.011741410009563,0,0.0183594282716513,0.0125089166685939
0,0,0.017491914331913,0.0489420779049397,0.260808408260345,0,0.0933337360620499,0,0,0,0.287906676530838,0,0,0,0.0715115815401077,0,0,0,0.85436737537384,0,0,0,0.0532814972102642,0,0,0,0,0,0,0,0,0,0,0,0,0,0,0,0,0,0.0298324264585972,0,0,0,0.0243590380996466,0.051408439874649,0,0.0220485236495733
0,0,0,0.466343402862549,0,0,0,0,0,0,0,0.498108923435211,0,0,0,0,0,0,0.00461799884214997,0.0270682517439127,0,0,0,0,0,0,0,0,0,0,0,0,0,0,0,0.00306030176579952,0,0,0,0,0.0478743314743042,0.0533931367099285,0,0,0.0778747648000717,0.0564381666481495,0.028391171246767,0
0,0,0,0,0,0,0,0.00210045510903001,0,0,0,0.0322553962469101,0,0,0,0.493585407733917,0,0,0,0.345941722393036,0,0.0102743608877063,0,0.366314113140106,0.0284424964338541,0,0,0,0,0.0752164945006371,0,0.36542546749115,0,0,0,0.0149624822661281,0,0,0,0,0,0,0,0,0,0,0,0
0,0,0,0,0,0,0,0,0,0,0,0,0,0,0,0,0,0,0.0427323877811432,0,0,0,0.202284723520279,0,0,0.0256784148514271,0.689404845237732,0.107171759009361,0,0.596700608730316,0.244322970509529,0.0138445794582367,0,0.30550879240036,0.408533573150635,0,0.00855296570807695,0,0,0,0.00453761219978333,0.0245183371007442,0.0247297082096338,0.025966564193368,0.0130383921787143,0.00771103706210852,0,0.0136484187096357
0.0265022218227386,0,0,0,0,0,0,0,0,0,0,0,0,0,0,0,0,0,0,0,0,0,0.0613917633891106,0.217069789767265,0,0,0,0,0,0,0.326436519622803,0.862728476524353,0.0138704683631659,0,0.0321922823786736,0.120653115212917,0,0,0.0405682474374771,0.0194767378270626,0,0.0281166192144156,0.0239156447350979,0.0165020581334829,0.0050532859750092,0,0.0420768447220325,0
0.0175451524555683,0,0,0.079380489885807,0,0,0,0.994728684425354,0.0206657256931067,0,0,0.326647520065308,0,0,0,0.823784708976746,0,0,0,0.0997891947627068,0,0,0,0.0149120120331645,0,0,0,0,0,0,0,0,0,0,0,0,0,0,0,0,0,0.00278867408633232,0.00427319668233395,0.0336695685982704,0.0179635770618916,0.0757114440202713,0.00228871521539986,0
0,0.0630528256297112,0,0,0,0.0317429415881634,0,0.00539357354864478,0,0.0154089834541082,0.0157699603587389,0.00256178039126098,0,0.0298951864242554,0.0150277512148023,0,0,0.312661439180374,0.500731706619263,0.618648409843445,0.0792318060994148,0.624794781208038,0.554351627826691,0.542994499206543,0.141915366053581,0.638202846050262,0.878754794597626,0.728418469429016,0.2492755651474,0.501003861427307,0.309528291225433,0.47156611084938,0.316078126430511,0.443876266479492,0.667912185192108,0.412245333194733,0.0986081138253212,0.0411853082478046,0.0292834490537643,0.0549280643463135,0,0,0,0,0,0,0,0
0.502882182598114,0.290448606014252,0,0,1.0006992816925,0.211204171180725,0,0,0.0843981951475143,0.00408422946929932,0,0,0.352205216884613,0,0,0,0,0,0,0,0,0,0,0,0,0,0,0,0,0,0,0,0,0,0,0.0163486711680889,0.0437947511672974,0,0,0,0,0,0,0,0,0.0208914186805487,0.00868587289005518,0.0155407134443521
0,0.212547734379768,0.113520860671997,0,0,0.0256539527326822,0.115118026733398,0,0,0,0.00293433526530862,0,0,0,0,0,0,0,0,0,0,0,0,0,0,0,0.0631090551614761,0,0.00460408674553037,0,0.0184855069965124,0.00245725503191352,0.0132840182632208,0.0573635213077068,0.264524877071381,0.0450128503143787,0.140032440423965,0.0823599696159363,0.415752410888672,0.254222929477692,3.59505429514684e-05,0,0.0126770716160536,0.0119429975748062,0,0,0.00630964105948806,0.0185162872076035
0,0,0,0,0.0955906957387924,0,0.0100629348307848,0,0.0952571704983711,0,0,0,0.513804972171783,0,0,0,0.927814364433289,0,0.0468845330178738,0,0.356902301311493,0,0.0142022501677275,0,0,0,0.0623319335281849,0,0,0,0,0.0369201153516769,0.00806599296629429,0,0,0.0122766401618719,0,0.0225456580519676,0.00271839578635991,0,0.00177118927240372,0.011372129432857,0.0312956534326077,0,0,0.0129096824675798,0.0202834419906139,0.0467292591929436
0,0.180132642388344,0,0,0,0,0,0,0,0.480927556753159,0,0,0,0,0,0,0,0.144678428769112,0,0,0,0,0,0,0.0359441339969635,0.159636825323105,0.0541317351162434,0,0,0,0,0,0,0,0,0,0,0,0,0,0.00347787840291858,0,0,0,0.0297037251293659,0.0047908267006278,0,0
0.371603190898895,0,0,0,0.259258091449738,0,0,0,0.63219028711319,0,0,0,0.193484798073769,0,0,0,0.0485540069639683,0,0,0,0,0,0,0,0,0,0,0,0,0,0,0,0,0,0,0,0,0,0,0,0,0.0419023707509041,0,0.00569079536944628,0,0,0,0
0,0.00791792292147875,0.139231935143471,0,0,0.0453831776976585,0.52088326215744,0,0,0,0.381993860006332,0,0,0,0.0294127464294434,0,0,0,0,0,0,0,0,0,0,0,0,0,0.0151941534131765,0,0,0,0,0,0,0,0,0,0,0.0717227905988693,0.00330641190521419,0,0.0111753903329372,0,0.0176405571401119,0,0.00954647734761238,0.0297447983175516
0,0,0,0,0,0,0,0,0,0,0,0,0,0,0,0.0265202429145575,0,0,0,0.251718044281006,0,0,0.0484179966151714,0.686094880104065,0.0195889268070459,0,0.071757398545742,0.0741077065467834,0,0.347980678081512,0.30175456404686,0.688687801361084,0.0488649532198906,0.0340619273483753,0,0.110635362565517,0,0.0820208191871643,0.04365324229002,0,0,0.0135718882083893,0.00016234461509157,0.0403956398367882,0.0403100773692131,0,0.0115124080330133,0
0.00703078974038363,0.0162074938416481,0.643723607063293,0.0189001820981503,0,0.00708433985710144,0.0867426842451096,0,0.000778385088779032,0,0.788501441478729,0,0,0.00588515074923635,0.0580323114991188,0,0.0309066325426102,0,0.0692576020956039,0,0.0299551244825125,0.0348802618682384,0,0.0182441771030426,0,0.0111257042735815,0,0.00217136624269187,0.0108845960348845,0.00717497989535332,0.0172352101653814,0,0.0104085756465793,0,0.0535513162612915,0.00816333945840597,0.050525140017271,0.0234346948564053,0.0309730358421803,0.0164308734238148,0,0,0.0238802470266819,0.0432308129966259,0,0,0.0234137456864119,0.00713242311030626
0,0,0.0188840050250292,0,0,0,0,0,0,0,0.0261198077350855,0,0,0,0.116918846964836,0,0,0,0.844163060188293,0,0,0,0.466672569513321,0,0,0,0.0305919237434864,0,0,0.000959685537964106,0,0,0,0,0.0129946675151587,0.00937904231250286,0,0,0.0385107025504112,0,0.0231131501495838,0.0171398036181927,0.0022476059384644,0,0.0238815061748028,0.00358476862311363,0,0.000769147998653352
0.306009978055954,0.337879955768585,0,0,0,0,0,0,0.353812366724014,0.0885739177465439,0,0,0,0,0,0,0,0,0,0,0,0,0,0,0,0,0,0,0,0,0,0,0,0,0,0,0,0.102241456508636,0,0.106980718672276,0.0103407856076956,0.014469102025032,0.136012017726898,0.0463154017925262,0.0476856343448162,0.00863482058048248,0,0.0132848229259253
0.0413736701011658,0.0418749935925007,0,0,0,0,0,0,0,0,0,0,0,0,0,0,0,0,0,0.0146416602656245,0.0257289968430996,0,0,0.152477964758873,0.0620677955448627,0.103371523320675,0.174755170941353,0.123337045311928,0.0242908820509911,0.0691740438342094,0.196372479200363,0.254734754562378,0.232133239507675,0.512842297554016,0.432702302932739,0.211703658103943,0.562241911888123,0.634905636310577,0.592646360397339,0.583788216114044,0.185728341341019,0.0931635424494743,0.112102493643761,0.0540937557816505,0.0234476216137409,0.0280921664088964,0,0.00963739771395922
0,0,0,0,0,0,0,0,0,0,0,0,0.54838639497757,0,0,0,0.443880409002304,0,0,0,0.953969597816467,0,0,0,0.0692978054285049,0,0,0,0.109436132013798,0,0,0,0,0,0,0,0,0,0,0,0.00432566599920392,0,0.021623108536005,0.036484744399786,0.0125887989997864,0.0148722287267447,0.00523983221501112,0.0387800671160221
0.0633105784654617,0,0,0,0.147420793771744,0,0,0,0.367267042398453,0,0,0,0.166739478707314,0,0,0,0.045773446559906,0,0,0,0,0,0,0.00693753222003579,0,0,0,0,0,0,0,0,0,0,0,0,0,0,0,0,0,0.00947762839496136,0.00558296451345086,0.018181711435318,0.0178438685834408,0.0116231301799417,0.0100877899676561,0.00972931366413832
0.160350382328033,0,0,0,0.00475891353562474,0,0.287674248218536,0,0,0,0.222334310412407,0,0,0,0.114219225943089,0,0,0,0.0453235246241093,0,0,0,0,0,0,0,0,0,0,0,0,0,0,0,0.0357889495790005,0,0,0,0.0398679450154305,0,0,0,0,0,0,0,0,0
0.0258430540561676,0,0,0,0.0103096729144454,0,0,0,0.0254380162805319,0,0,0,0,0,0,0,0,0,0.60831606388092,0,0.00128580443561077,0,0.728509783744812,0,0,0.0114411525428295,0.254491448402405,0.0429250150918961,0.0133690778166056,0,0.0562858395278454,0,0,0,0.329075902700424,0,0,0,0.0115581061691046,0,0,0,0,0,0.00675953179597855,0,0,0
0,0,0,0,0.532468795776367,0,0,0,0,0,0,0,0.620865106582642,0,0,0,0,0,0,0,0,0,0,0,0,0,0,0,0,0,0,0,0,0,0,0,0,0.0554373934864998,0,0,0,0.0225851275026798,0.0188809279352427,0.0493093207478523,0,0.0614585168659687,0.0598333850502968,0.0470697954297066
0.0310501344501972,0.038745105266571,0.0015167323872447,0.158331885933876,0.342135012149811,0.0835302397608757,0,0,0.0107945166528225,0,0,0,0.00803954154253006,0.00297104613855481,0,0,0.0176338069140911,0,0.00949827395379543,0,0,0,0,0,0,0.00220534205436707,0.0146098034456372,0,0,0,0,0,0,0,0,0,0.00367910275235772,0,0,0,0,0.0125479297712445,0,0,0,0,0,0.000110520188172814
0,0.0960933268070221,0,0,0.0609139390289783,1.03318655490875,0.23610158264637,0,0,0,0,0,0,0.293268531560898,0,0,0,0,0,0,0,0.0939572229981422,0.0122412415221334,0,0,0,0,0,0,0.0228127259761095,0,0.00461824890226126,0,0.00740992883220315,0,0,0,0,0.0116326184943318,0,0.00284502888098359,0.013811451382935,0.0230514165014029,0,0,0.0244824048131704,0.0165669079869986,0.0117114875465631
0.0883673429489136,0.143586024641991,0.34572359919548,0,0,0,0.244555324316025,0,0,0,0,0,0,0,0,0,0,0,0,0,0,0,0,0,0,0,0,0,0,0,0,0,0,0,0,0,0.0187342874705791,0.111178353428841,0.137010410428047,0.0993628650903702,0.0855356305837631,0.0185696389526129,0.061817467212677,0.087481401860714,0.0888741165399551,0,0.0694463402032852,0.00701464433223009
0,0,0.0293399654328823,0,0,0,0.0255783386528492,0,0,0,0.119858883321285,0,0,0,0.0261322744190693,0,0.0299603752791882,0,0.524083018302917,0.160875901579857,0,0.253435134887695,0.889570415019989,0.107479944825172,0,0,0.015037477016449,0,0,0,0.0205612666904926,0,0,0,0,0,0,0,0,0,0,0,0,0,0,0,0,0.0133475558832288
0,0,0,0,0.307365477085114,0.35047972202301,0,0,0,0,0,0,0,0,0,0,0,0,0,0,0,0,0,0,0,0,0,0,0,0,0,0,0,0,0,0,0,0,0.0417477414011955,0,0,0.0433416403830051,0.047444611787796,0.0312964096665382,0.0659488514065742,0.0916722044348717,0.110842451453209,0.0370263420045376
0,0,0,0,0.0163379199802876,0,0,0,0.00742846261709929,0,0,0,0.251749068498611,0,0,0,0.00230438867583871,0,0,0,0.000374734401702881,0,0,0,0,0,0,0.044425405561924,0.0972291603684425,0.0194594170898199,0,0,0,0,0,0.0109046120196581,0.0587322227656841,0.00711535383015871,0,0.0188091583549976,0,0.0123390108346939,0.0244696401059628,0.0437117591500282,0.0079458262771368,0.0300060752779245,0.0451175011694431,0.0194365009665489
0,0,0,0,0,0.258738696575165,0,0,0,0.0233702771365643,0,0,0,0.569564163684845,0,0,0,0.00401115603744984,0,0,0,0,0,0,0,0,0,0,0,0,0,0,0,0,0,0,0,0,0.0216796658933163,0,0.0243162848055363,0.0309051685035229,0,0,0.0256951488554478,0.00958570279181004,0.00860655680298805,0.00105616601649672
0,0,0,0,0,0,0,0,0,0,0,0,0,0,0,0,0,0,0,0.14388407766819,0,0,0,0,0,0,0.102471470832825,0.265975177288055,0,0,0,0,0,0,0.0765564143657684,0,0,0,0,0,0,0.0296675972640514,0.0178262032568455,0,0.0440103486180305,0,0.0427193567156792,0.00344096426852047
0,0,0,0,0.447889238595963,0.558742702007294,0,0,0,0,0,0,0.628547728061676,0.635396361351013,0,0,0,0,0,0,0.0022141553927213,0.044046126306057,0,0,0,0,0,0,0,0,0,0,0,0,0,0,0,0,0,0,0.0475659258663654,0.0128400446847081,0.0163427237421274,0.0269600953906775,0,0,0,0.00650127977132797
0,0,0,0,0,0,0,0,0,0,0,0,0,0,0,0,0,0.00146086362656206,0,0,0.344328135251999,0.0249196849763393,0,0,0.00349250668659806,0,0.0263422392308712,0,0.459383338689804,0.161533802747726,0.145462438464165,0.0258102230727673,0.325139373540878,0.109404660761356,0.0859684199094772,0.160077527165413,0.357205331325531,0.01862414740026,0.0530686751008034,0.041189581155777,0.0720185786485672,0.0147620588541031,0.000247460615355521,0.0899447202682495,0.00916396267712116,0,0,0.0212601069360971
0.10941968858242,0.121748700737953,0.169338509440422,0.201047137379646,0.162125140428543,0.148826092481613,0.29888328909874,0.212411999702454,0.174883514642715,0.197111010551453,0.118341967463493,0.246010974049568,0.205384209752083,0.168957024812698,0.0847843885421753,0.24498662352562,0.231387346982956,0.164626657962799,0.0995052680373192,0.357905030250549,0.303784906864166,0.191235944628716,0.217738792300224,0.148007407784462,0.209165975451469,0.229091688990593,0.18010513484478,0.202008560299873,0.214386701583862,0.263641148805618,0.119392439723015,0.141493290662766,0.186264708638191,0.0946330577135086,0.0909104570746422,0.0763749703764915,0.139872372150421,0.0844940543174744,0.00253490987233818,0.0299838185310364,0,0,0,0,0,0,0,0
0.0542445406317711,0.193677872419357,0,0,0.5212282538414,0.177494138479233,0,0,0,0,0,0,0,0,0,0,0,0,0,0,0,0,0,0,0,0,0,0,0.034930307418108,0,0,0,0,0,0,0,0.00451414939016104,0.110950127243996,0,0,0.00700846221297979,0,0,0.00673943245783448,0.0391314253211021,0.0447412803769112,0.0511121042072773,0
0,0,0,0.0779763087630272,0,0,0,0.0632365867495537,0,0,0,0.268345773220062,0,0,0,0.154584735631943,0,0,0,0.300069332122803,0,0,0,0,0,0,0,0,0,0,0,0,0,0,0,0,0,0,0,0,0,0.0409240946173668,0.0486017167568207,0.0209425929933786,0,0.00470594968646765,0.0485224947333336,0.00389260286465287
0,0,0.645974278450012,0,0,0.153461813926697,0.744848012924194,0,0,0,0.126806646585464,0,0,0,0.000281752174487337,0,0,0,0,0,0,0,0,0,0,0,0,0,0,0,0,0,0,0,0,0,0.0388781502842903,0.0517324209213257,0.0165380742400885,0.0329430364072323,0.0248647686094046,0.0630947798490524,0.100483432412148,0.0269451197236776,0.0444614663720131,0.00829416699707508,0.00642702588811517,0.0896054655313492
0,0,0,0,0,0,0,0,0,0,0,0,0,0,0,0,0,0,0.66647082567215,0,0,0,0.0178271494805813,0,0,0.180141612887383,0.556711792945862,0.131314188241959,0,0,0,0,0,0,0.320214688777924,0.0657683461904526,0,0.0235021524131298,0,0,0,0.0243814829736948,0.0282683782279491,0.0191811583936214,0.00717059895396233,0,0.0140833724290133,0.0295709427446127
0.165542095899582,0.483026087284088,0.171601980924606,0,0,0.493465811014175,0.467169582843781,0,0.259615957736969,0.689149022102356,0.50087583065033,0,0.00149488146416843,0.154193609952927,0.188714593648911,0,0,0.0801534429192543,0.0476264879107475,0,0,0.119313254952431,0,0,0,0.0382195301353931,0,0,0.108691141009331,0.39978101849556,0.0469568595290184,0,0,0.0800274387001991,0,0,0.0185839533805847,0,0,0,0,0,0.00231393123976886,0,0,0,0,0
0.038941003382206,0,0,0.302858978509903,0,0,0,0.407987833023071,0.0193327311426401,0,0,0.4673191010952,0,0,0,0.443825244903564,0,0,0,0.149069786071777,0,0,0,0,0,0,0,0,0,0,0.00504028610885143,0.0228537824004889,0,0,0,0,0,0,0,0,0,0,0,0,0.0213964767754078,0.038796991109848,0.0130297299474478,0
0,0,0,0,0.00340441381558776,0,0,0.00722807785496116,0.338890045881271,0.00267099728807807,0.0051505034789443,0,0.0270676873624325,0.00367030431516469,0.0776006951928139,0.0224297661334276,0.462570816278458,0,0.0288100950419903,0,0.193234473466873,0,0.0242118574678898,0.0353835485875607,0.0402921177446842,0,0,0,0.0418729335069656,0.0228668414056301,0.019721481949091,0.0189818870276213,0.0600820071995258,0,0,0.00561344018206,0.0727878957986832,0,0.000603744003456086,0,0.00425164122134447,0,0.0366238243877888,0.00507261138409376,0.00170252472162247,0,0.0105453077703714,0.00443252082914114
0,0.0117422323673964,0.323082804679871,0,0,0,0.371528029441833,0,0,0,0.414374530315399,0,0,0,0.0391766503453255,0,0,0,0,0,0,0,0,0.0375445298850536,0.0213630776852369,0,0.00652922689914703,0,0.0157668404281139,0,0,0,0.000237638130784035,0,0,0,0,0,0.0111667169257998,0.0164787992835045,0.00851870980113745,0,0,0,0,0.0201560575515032,0,0.0119623681530356
0.0402780771255493,0.164344117045403,0.136237353086472,0,0,0,0,0,0,0,0,0,0,0,0,0,0,0,0,0,0,0,0,0.0383192785084248,0,0,0,0,0.0752740204334259,0.00933136511594057,0.393949121236801,0.504072427749634,0.246798396110535,0.120626352727413,0.0202530324459076,0.722100615501404,0.198722571134567,0.253583490848541,0.364216327667236,0.304460823535919,0.0366753712296486,0,0.0301904026418924,0.0460989437997341,0.0284567810595036,0.00773940095677972,0.0448508858680725,0
0,0.622960150241852,0.0338963456451893,0,0,0.00790108181536198,0,0,0,0.0640651136636734,0.000859063118696213,0,0,0,0,0,0,0,0,0,0,0,0,0,0,0,0,0,0,0,0,0,0,0,0,0,0,0,0,0,0,0,0.0173702761530876,0,0.0545147769153118,0.00797761790454388,0,0.000298226077575237
0,0.0225071664899588,0,0,0.00481793470680714,0,0,0,0.0104054529219866,0,0,0.00353594170883298,0,0,0,0.234783679246902,0,0,0,0.46721425652504,0,0,0,0.0566523671150208,0,0,0,0.0232586693018675,0.0333677418529987,0.0540051870048046,0.00748814409598708,0.074696883559227,0,0,0,0.0282672736793756,0,0.063041552901268,0.0189715530723333,0.0170227512717247,0,0.000684168946463615,0.00753262033686042,0,0.00801605358719826,0.0302196145057678,0.0168489906936884,0
0,0,0.0603556260466576,0,0,0,0.508103013038635,0.0094344075769186,0,0,0.0241418406367302,0.00979197025299072,0,0,0.118264988064766,0.000941637554205954,0,0,0,0.012486626394093,0,0,0,0,0,0,0,0,0,0.00502139050513506,0.00459786504507065,0,0.0229023788124323,0.00643111113458872,0,0,0,0,0,0.00646039005368948,0,0.00339516485109925,0.0118936076760292,0,0,0,0,0
0,0,0,0,0,0.0183044318109751,0.00463408231735229,0.021312290802598,0.0125417839735746,0.0240888055413961,0.0346353575587273,0.0393737554550171,0.104891672730446,0.386091828346252,0.0207507908344269,0.0693390741944313,0.0710308700799942,0.341878026723862,0.0671743303537369,0.0530209913849831,0.507933497428894,0.526074826717377,0.044919840991497,0.0306114442646503,0.0829102247953415,0.0596831552684307,0.0530989952385426,0.045112282037735,0.156314805150032,0.121099017560482,0.0489980652928352,0,0.0515193715691566,0.0506375022232533,0.00377298519015312,0,0,0.0077645517885685,0.000332310039084405,0,0,0,0,0,0,0,0,0
0,0,0,0,0,0,0.106822073459625,0,0.341842591762543,0,0.0688078701496124,0,0.147951498627663,0,0.323990553617477,0,0.314755737781525,0,0.53255033493042,0,0,0,0.17723473906517,0,0,0,0,0,0,0,0,0,0,0,0,0,0,0.00758736208081245,0.00284391501918435,0.000253460195381194,0,0.055792260915041,0.0912878066301346,0.00706054642796516,0,0,0,0.0868547409772873
0.0717270597815514,0.0798968374729156,0.127898186445236,0.0455118492245674,0.0865782052278519,0.123768530786037,0.320901215076447,0.0579553619027138,0.0549279525876045,0.219784185290337,0.422905385494232,0.0645936578512192,0.0736082643270493,0.137991815805435,0.387348353862762,0.0627818256616592,0.0496152341365814,0.196611002087593,0.565476894378662,0.0546334013342857,0.0629065185785294,0.23146179318428,0.379283368587494,0.0344891883432865,0.0189758706837893,0.0484257414937019,0.119232811033726,0.0249108728021383,0,0.0419533625245094,0,0.00220201956108212,0,0.0203152615576982,0.0259278416633606,0.0196554772555828,0.0305292718112469,0.0041013527661562,0.0271831899881363,0.0263185892254114,0,0,0.0224728863686323,0.0164616107940674,0.0320749506354332,0,0.0119415791705251,0.0192911699414253
0,0.0698369294404984,0.444110453128815,0.0231414567679167,0,0,0,0,0,0,0,0,0,0,0,0,0,0,0,0,0,0,0,0,0,0,0,0,0,0,0,0,0,0.0104200346395373,0,0.00281241349875927,0,0,0,0,0,0.00125327077694237,0,0,0,0,0,0.00431218277662992
0,0,0,0,0.00206052791327238,0,0,0,0.0597012154757977,0,0,0,0,0,0,0,0.0132572259753942,0,0.372290104627609,0,0.00706245517358184,0.0501688793301582,0.419173896312714,0.0199697241187096,0.0138588426634669,0.0348824039101601,0.0745986104011536,0.0364570543169975,0.052592508494854,0.0397489294409752,0.0446649082005024,0.0286028347909451,0.0248461626470089,0.0340582653880119,0.0215077921748161,0.039953775703907,0.0295736938714981,0.0364310704171658,0.0120003018528223,0.0273761060088873,0.00322679942473769,0,0,0,0.0207172576338053,0,0.0428335629403591,0.00949861202389002
0,0,0,0,0,0.00327775767073035,0,0,0,0,0,0,0,0.010594766587019,0,0.527031779289246,0,0,0,0,0,0,0,0.256148487329483,0,0,0,0,0,0,0,0,0,0,0,0,0,0.026524979621172,0,0,0,0.0421933531761169,0.0839998573064804,0.00931953359395266,0,0.0489481166005135,0.0266232434660196,0
0.135460630059242,0,0,0,0,0,0,0,0,0,0,0.00338288699276745,0,0,0,0,0,0,0.0254182368516922,0.0138141810894012,0,0.0337982699275017,0.365662842988968,0.0678081586956978,0,0,0.0683598890900612,0,0,0,0.355992794036865,0.136594370007515,0,0,0.0223642624914646,0,0,0,0,0,0,0.0168095324188471,0.0219897087663412,0.0271880030632019,0,0,0,0
0,0,0.513075351715088,0,0,0,0.229588776826859,0,0,0,0.487428992986679,0,0,0,0.0774687603116035,0,0,0,0.0854617208242416,0,0,0,0,0,0,0,0,0,0,0,0,0,0,0,0,0,0,0,0,0,0,0,0,0,0.0255568027496338,0.00536343269050121,0,0.0167886912822723
0,0,0,0,0,0,0,0,0,0,0,0,0,0,0.116157054901123,0,0,0,0,0,0,0,0.373362094163895,0,0,0,0,0,0,0,0,0,0,0,0,0,0,0,0,0,0.0123619828373194,0,0.0399685278534889,0.0226804502308369,0,0.0331877656280994,0.00151084887329489,0
0,0.00814081262797117,0,0,0.0232616737484932,0.0877487733960152,0,0.0132470857352018,0.0135883344337344,0.00462242355570197,0,0.0112950280308723,0.179384917020798,0.712424278259277,0,0.00103481055703014,0,0.0518829450011253,0,0.00424323882907629,0.151823803782463,0.196861878037453,0.000783697061706334,0,0,0,0,0,0.0425929576158524,0.0983605980873108,0,0,0,0,0,0,0,0,0,0,0,0.0142295164987445,0.0163969434797764,0.0196008943021297,0.0441063344478607,0.0392257869243622,0,0.0425350852310658
0,0,0,0,0.0186412613838911,0,0.117605268955231,0,0.238750666379929,0,0,0,0.29741445183754,0.0024649347178638,0.0165775809437037,0.00938162300735712,0.502233624458313,0,0.0456475764513016,0.0136611014604568,0.251030147075653,0.00770136341452599,0.0424754247069359,0.0367570146918297,0.0867082253098488,0.00107416580431163,0.0417511835694313,0.0153422253206372,0,0,0,0.0278767440468073,0.0794023126363754,0,0.00928263086825609,0,0,0,0,0.0169197916984558,0,0.00913336407393217,0,0.00905811041593552,0,0,0.0142240626737475,0.00896287895739079
0.0351117178797722,0.00530126038938761,0.017768582329154,0,0,0,0,0,0,0,0.12650902569294,0,0,0.01497782766819,0.0673178285360336,0,0,0,0.739745676517487,0,0,0,0.0236171986907721,0,0,0,0.0537674948573112,0,0.0261378921568394,0,0,0,0,0,0,0.0109796365723014,0,0.0228596292436123,0,0.0425645373761654,0.0042744567617774,0.0509157702326775,0.0332602262496948,0.0673181563615799,0.0351989790797234,0.00681866984814405,0.0381068512797356,0.0223532374948263
0.0833030492067337,0.281845420598984,0.00377609441056848,0.0205476097762585,0,0.125039145350456,0,0,0.107250228524208,0.21625642478466,0.00690592080354691,0.0419144369661808,0.0230582803487778,0.146895438432693,0,0,0.123669885098934,0.20173117518425,0,0,0.139802306890488,0.30678203701973,0,0,0.109724387526512,0.126874297857285,0.018669068813324,0.0111971506848931,0.048080213367939,0.0391401052474976,0,0.00584734370931983,0.0248979479074478,0.220468252897263,0.00687054032459855,0,0.0331156849861145,0.0041693476960063,0,0,0,0.0100989583879709,0.00566951232030988,0,0,0,0,0
0,0,0,0.0171933006495237,0,0,0,0,0,0,0,0.178331196308136,0,0,0,0.010849897749722,0,0,0,0.430226653814316,0,0,0,0,0,0,0,0.0884402245283127,0,0,0,0,0,0,0,0,0,0,0,0,0,0.0560111328959465,0.0104079563170671,0,0.00875881500542164,0.0212624296545982,0.0507281012833118,0
0.0941202417016029,0.481198400259018,0.0584730319678783,0.0693545565009117,0.210656523704529,0.111062742769718,0,0,0,0.0838398784399033,0,0,0.0114153977483511,0,0,0,0,0,0,0,0,0,0,0,0,0,0,0,0,0,0,0,0,0,0,0,0,0,0,0,0,0,0,0,0,0.0027885262388736,0,0.0154826734215021
0,0,0,0,0.206952974200249,0.326883018016815,0,0,0,0,0,0,0.595470249652863,0.247438356280327,0,0,0,0,0,0,0.0789705067873001,0,0,0,0,0,0,0,0,0,0,0,0,0,0,0.0113861504942179,0,0,0.00690990220755339,0,0.0336283221840858,0,0.0365573167800903,0.00776284467428923,0.00762525480240583,0.00740471202880144,0,0.00249717757105827
0.169010579586029,0,0,0,0.119396582245827,0,0,0,0.0207334104925394,0,0,0,0,0,0,0,0,0,0,0,0,0,0,0.0432038269937038,0.331583827733994,0,0,0,0.0947245731949806,0,0.210796877741814,0.394706606864929,0.245174020528793,0,0,0,0.063421830534935,0.0144040808081627,0.0336325615644455,0.0520563237369061,0,0,0,0,0.0218778755515814,0.0178063809871674,0.00202869530767202,0.0297825243324041
0,0.0291647408157587,0.0726437717676163,0,0,0.399278700351715,0.149323791265488,0,0,0,0,0,0,0,0,0,0,0,0,0,0,0,0,0,0,0,0,0,0,0,0,0,0,0,0,0,0,0,0,0,0,0,0,0,0.0309366472065449,0,0.0243587754666805,0.00278666941449046
0,0,0,0,0,0,0,0.0254363007843494,0,0,0,0,0,0,0,0.00456125009804964,0,0,0,0,0.0781603008508682,0.315142810344696,0.251241087913513,0.297536790370941,0.000548785901628435,0,0.0078523326665163,0.012833384796977,0.00560473371297121,0.0749922543764114,0.186525732278824,0.142205074429512,0,0.0175418667495251,0,0,0,0,0,0.0388125739991665,0.0039083631709218,0.0207400117069483,0,0,0.029984587803483,0,0,0.0504544377326965
0,0,0.40942844748497,0,0,0,0.114547565579414,0,0,0,0.0380393117666245,0,0,0,0,0,0,0,0,0,0,0,0,0,0,0,0,0,0,0.00386380893178284,0,0,0,0,0,0,0,0,0,0,0,0,0.00859543494880199,0.000318028120091185,0.000983996549621224,0,0.00633745780214667,0.0176044125109911
0,0,0.0221925061196089,0,0,0,0.632424294948578,0,0,0,0.0377261638641357,0,0,0,0.223862528800964,0,0,0,0,0,0,0,0,0,0,0,0.0229284465312958,0,0,0,0,0,0,0.017684880644083,0,0,0,0,0,0,0,0,0.0100516695529222,0,0.0250316467136145,0,0,0
0.386396884918213,0.44493755698204,0.19338059425354,0.220452353358269,0.531586825847626,0.432646751403809,0.193883895874023,0.205515071749687,0.27669358253479,0.399600386619568,0.162832394242287,0.30182021856308,0.364353775978088,0.36552706360817,0.183077365159988,0.31689915060997,0.22272415459156,0.292699843645096,0.302288979291916,0.566817104816437,0.331919848918915,0.352076053619385,0.240602046251297,0.190881654620171,0.0902097150683403,0.183205828070641,0.0564012303948402,0.12109961360693,0.0797969549894333,0.0679709389805794,0,0.0300829950720072,0.084447368979454,0,0,0,0,0,0,0,0,0,0,0,0,0,0,0
0,0.0342640541493893,0.0117175225168467,0,0.0319208838045597,0.385532647371292,0.641954839229584,0,0,0,0,0,0.000902896746993065,0.0804011449217796,0,0,0,0,0,0,0,0,0,0,0,0,0,0,0,0,0,0,0,0,0,0.00468263169750571,0.132987812161446,0.0234926827251911,0,0.0720792636275291,0.0444032847881317,0.0419809445738792,0.0117152687162161,0.0678388550877571,0.0242669247090816,0.00528681371361017,0,0.0215744823217392
0,0,0,0,0.185418456792831,0,0,0,0.132376968860626,0,0,0,0.384175181388855,0,0.00315710087306798,0,0.438377141952515,0,0,0,0.58943635225296,0,0,0.0169275142252445,0,0,0,0,0,0,0,0,0,0.00247306074015796,0,0,0,0,0,0,0,0,0,0.00765448529273272,0.00596594018861651,0.0275219865143299,0,0.00528771942481399
0,0,0,0,0.0342425778508186,0.432159513235092,0,0,0,0.114951655268669,0,0,0,0.653500556945801,0,0,0,0.0505332536995411,0,0,0,0,0,0,0,0,0,0,0,0,0,0,0,0,0,0,0,0,0,0,0,0,0,0,0.0429156795144081,0,0,0
0,0,0,0,0.322614848613739,0,0,0,0,0,0,0,0.593441843986511,0,0,0,0.010256415233016,0,0,0,0.184275537729263,0,0,0,0,0,0,0,0.0794135332107544,0,0,0,0,0,0,0,0,0.00704213976860046,0,0,0,0,0.0282525960355997,0,0.0094023160636425,0.00374511303380132,0.00364109734073281,0.0175537802278996
0.386362493038177,0.411250680685043,0,0.0734694376587868,0.324641138315201,0.11976845562458,0,0,0.083703026175499,0,0,0,0,0,0,0,0,0,0,0,0,0,0,0,0,0,0,0,0,0,0,0.000270104792434722,0,0,0,0.0140107702463865,0,0,0,0.000818415719550103,0,0,0,0,0.0103916078805923,0,0,0
0.0239659603685141,0.0374821908771992,0.460928857326508,0,0.00207267398945987,0,0.0526765398681164,0,0.0900200754404068,0,0.271107494831085,0,0.0625165849924088,0,0.0640250667929649,0.0239559430629015,0.0426282398402691,0,0.17772077023983,0.0468762181699276,0.0648128539323807,0.0663232058286667,0.0639175027608871,0.0308443121612072,0.0686085522174835,0.0831688269972801,0.0527643747627735,0.0511158481240273,0.0370172075927258,0.091239795088768,0.00448196241632104,0.0520232245326042,0.0760584101080894,0.0474273525178432,0.0994586572051048,0.0379145033657551,0.0617367625236511,0.091757632791996,0.0715866535902023,0.0608391985297203,0.0150538850575686,0,0,0,0.0126879308372736,0,0,0
0,0,0,0,0.00831040181219578,0,0.00174687127582729,0,0,0,0,0,0.0982467085123062,0,0,0,0,0,0,0,0.497690767049789,0.3955078125,0.112161196768284,0,0,0,0,0,0.0851529389619827,0.0996492654085159,0.037760891020298,0,0,0,0,0.0109252315014601,0,0,0.00401212275028229,0.00782027654349804,0,0.0282913781702518,0.014955734834075,0.00756654748693109,0,0.0142809581011534,0,0
0,0,0,0,0,0,0,0,0,0,0,0,0,0,0,0.647991240024567,0.122640892863274,0,0,0,0,0,0,0.198086619377136,0.100417293608189,0,0,0,0,0,0,0.00173009338323027,0,0,0,0,0,0,0,0,0,0.00358967413194478,0.0185375735163689,0,0.0465030893683434,0,0.0235798843204975,0
0,0,0,0,0,0.0649577602744102,0,0,0,0,0,0,0,0.565863013267517,0,0,0,0.134833618998528,0,0,0,0,0,0,0,0,0,0,0,0,0,0,0,0,0,0,0.0402314998209476,0,0,0.00265032541938126,0.00608139019459486,0.0103171821683645,0.0165201220661402,0.00995840318500996,0.058795727789402,0.0319392010569572,0.00887485034763813,0
0.0269469507038593,0,0.0295101590454578,0.0345957353711128,0.0424079038202763,0,0.0299427770078182,0.0213360469788313,0.0338968224823475,0.0366065762937069,0.00852826237678528,0.0729064717888832,0.0311506595462561,0.06301648914814,0.170848578214645,0.0476313792169094,0,0.0694587603211403,0.0889022275805473,0,0.0386159345507622,0.0640446692705154,0.293804436922073,0.100425973534584,0,0,0,0,0,0,0.0278474427759647,0.0540303476154804,0,0,0,0,0,0,0,0,0,0.00655832141637802,0,0,0.0173338036984205,0.0101915495470166,0.0285955704748631,0.0053616538643837
0,0.203414604067802,0.542759597301483,0.144718080759048,0,0,0.0781578868627548,0,0,0,0.156069502234459,0.00950646307319403,0,0,0.00582172349095345,0,0,0.0560714714229107,0,0,0,0.0676003098487854,0,0.00176252122037113,0.029809158295393,0.0624472312629223,0,0,0.0272660460323095,0.0639709606766701,0.0307924095541239,0,0.0154069066047668,0.0185376722365618,0,0,0,0,0.00483468174934387,0,0.0496104434132576,0.00230627646669745,0,0,0,0,0.0219849310815334,0.0119835408404469
0,0,0.0824183598160744,0,0.0343704894185066,0,0.408799469470978,0,0,0,0.0363507196307182,0,0,0,0,0,0,0,0,0,0,0,0,0,0,0,0,0,0,0,0,0,0,0.0145940212532878,0.0256316177546978,0,0.0497406385838985,0.0590085461735725,0.0950240045785904,0.0898457542061806,0.0155876083299518,0,0.0612728111445904,0.0605742037296295,0.0466259084641933,0.0190635416656733,0.0627646669745445,0.0541076958179474
0,0,0,0,0,0,0,0,0.00972534064203501,0,0.0677368491888046,0,0,0,0,0,0,0,0.0449429042637348,0,0,0,0,0,0,0,0.125683143734932,0,0,0,0,0,0,0,0.499368250370026,0.000291640870273113,0.0385173745453358,0.0240836497396231,0.115352533757687,0.0649934858083725,0.0238669887185097,0.030802708119154,0.0579094365239143,0.0167761351913214,0.00785498134791851,0.0182848479598761,0.0651245266199112,0
0,0,0,0.356619954109192,0,0,0,0,0,0,0,0.0442400090396404,0,0,0,0,0,0,0,0,0,0,0,0,0,0,0,0,0,0,0,0,0,0,0,0,0,0,0,0,0.0111575005576015,0,0.0012462108861655,0.000631053757388145,0.0127397952601314,0,0,0
0,0,0,0,0,0.408055007457733,0,0,0,0,0,0,0,0.328633785247803,0,0,0,0.121484443545341,0,0,0,0.0532479397952557,0,0,0,0,0,0,0,0,0,0,0,0,0,0,0,0,0,0.00639639049768448,0,0,0.00335044111125171,0.0208361465483904,0.0133050009608269,0,0,0
0,0.0020818617194891,0,0,0,0,0,0,0,0,0,0,0,0,0,0,0,0,0,0,0,0,0,0,0.0148735418915749,0,0,0,0.114976033568382,0.0684456750750542,0,0,0.337054163217545,0.229977324604988,0,0,0.341167449951172,0.0796670690178871,0.00288397772237659,0.0375400558114052,0.0226380303502083,0,0.00417563412338495,0.017703577876091,0,0.00808705575764179,0,0.0330402180552483
0,0.00311088445596397,0.0671155601739883,0,0,0.0309610310941935,0.20411105453968,0,0,0,0.312332451343536,0,0,0,0.0455632731318474,0,0,0,0,0,0,0,0,0,0,0,0,0,0,0,0,0,0,0,0,0,0,0,0,0,0,0,0.00478710699826479,0.0245180241763592,0.0122588146477938,0,0.00187588483095169,0
0,0.0229082070291042,0.426711738109589,0,0,0,0.217432588338852,0,0,0,0.304910719394684,0,0,0,0.114384055137634,0,0,0,0.0814364477992058,0,0,0,0,0,0,0,0.0147798378020525,0,0,0,0,0,0,0,0,0,0,0,0,0,0,0,0,0.0046800491400063,0.00024972899700515,0,0.00556530710309744,0
0.420916557312012,0.106324478983879,0,0.0546230003237724,0,0,0,0.0299573447555304,0.0307658258825541,0,0.0119883520528674,0.00757756968960166,0,0,0,0,0,0,0,0,0,0,0,0,0.00838187243789434,0.0193839687854052,0,0,0,0.00939513184130192,0.0165099389851093,0,0,0,0,0,0,0,0,0,0,0,0,0.00383291905745864,0,0,0.00653606653213501,0
0,0,0.0291261579841375,0,0,0,0.0513649694621563,0,0,0,0,0,0,0.00949586182832718,0,0,0,0.00830043293535709,0,0,0.136965319514275,0.0811788067221642,0.040093332529068,0.0784901827573776,0.190251037478447,0.0995168834924698,0.0207772385329008,0.0293176658451557,0.225028991699219,0.0541216544806957,0.0250560697168112,0.0751084834337234,0.302049487829208,0.022211192175746,0.000412163499277085,0.0483165830373764,0.203012108802795,0.0354313366115093,0,0.0692583993077278,0.022528937086463,0.0169502478092909,0,0.0205722637474537,0.00910104252398014,0,0.0285268910229206,0.0168782509863377
