0.0764193683862686,1.4743310213089,0.119080103933811,0.0406716987490654,0.125943303108215,1.88660752773285,0.0408089607954025,0.0370070189237595,0.0233996752649546,1.55748653411865,0.0114763882011175,0,0.0451422221958637,0.103292107582092,0.0181141998618841,0,0.00139760691672564,0.0157335996627808,0,0,0,0.116376996040344,0,0,0,0.0777116715908051,0,0,0,0.0682492330670357,0,0,0,0,0,0,0,0,0,0,0,0,0.0363030545413494,0,0.00104809389449656,0.00983254984021187,0.0778309851884842,0
0,0,0.00847945176064968,0,0.000409889413276687,0,0,0.0416729114949703,0.0156922563910484,0.0164964664727449,0.00312769738957286,0.0128702279180288,0.0131468428298831,0.0251608490943909,0.0520301759243011,0.0267933942377567,0.036870002746582,0.0233681630343199,0.00930278562009335,0.0366293713450432,0.313521504402161,0.0385851226747036,0.00278776395134628,0.0159372054040432,0.429235368967056,0.37885707616806,0,0.16000896692276,1.54631841182709,0.575504541397095,0.000807960343081504,0.0755111947655678,1.39798581600189,0.344316512346268,0.0221134983003139,0.0903133377432823,0.510160326957703,0.0680743828415871,0.0300935599952936,0.0487688481807709,0.00554836820811033,0.0034158572088927,0,0,0,0,0,0
0,0,0,0,0,0,0.021856190636754,0,0,0,0.223277613520622,0,0,0,1.23991560935974,0,0,0,0.543237805366516,0,0,0,1.10900318622589,0.13110063970089,0,0,0.732584714889526,0.273523062467575,0,0,0.94715291261673,0.156591266393661,0,0,0.608416199684143,0.274423062801361,0,0,0.0560810044407845,0,0,0,0,0,0.00469832587987185,0,0.00161086802836508,0
0,0,0,0,0,0,0,0,0,0,0.0503969863057137,0,0,0,0.00156746921129525,0,0,0,0.976508617401123,0.0510092563927174,0,0,0,0,0,0,0.569678664207458,0.519417941570282,0,0,0,0,0,0,0.133777529001236,0.283145695924759,0.314990997314453,0,0,0.352085381746292,0.109847858548164,0.209814041852951,0.0485180504620075,0.0304049905389547,0,0.0222417470067739,0.00928957108408213,0.0423577763140202
0,0,0,0,0.0551850870251656,0,0,0.41682630777359,0.572379171848297,0,0,0.514662146568298,0.589576244354248,0,0.0548596978187561,1.33363199234009,0.537409067153931,0,0.0071944622322917,0.440644919872284,0.193162873387337,0,0,0.177136778831482,0,0,0,0.043833427131176,0.0598194412887096,0,0,0,0,0,0,0,0,0.000339823687681928,0,0,0,0,0,0.0111389011144638,0,0,0.00463596126064658,0
0,0,0.954732537269592,0,0.0364343822002411,0.0489143207669258,0.11809029430151,0,0,0,0.180177763104439,0,0,0,0,0,0,0,0,0,0,0,0,0,0,0,0,0,0,0,0,0,0,0,0,0,0,0,0,0,0.00453944178298116,0,0.064713217318058,0,0,0.00180455297231674,0.0517559871077538,0
0.28246545791626,0,0,0,0,0,0,0,0.972043514251709,0,0,0,0,0,0,0,0.510571599006653,0,0,0,0,0,0,0,0.0969459339976311,0,0,0,0,0,0,0,0,0,0,0,0,0,0,0,0,0,0,0,0.0573030896484852,0,0.0209304634481668,0.0533827468752861
0,0,0,0,0,0,0,0,0,0,0,0,0,0,0,0,0.168964356184006,0.180386245250702,0,0,0.134420797228813,0,0.0113056730479002,0.802061200141907,1.65132713317871,1.73480105400085,0.376625120639801,0.0298591740429401,0.514828324317932,0.341020375490189,0.0594994015991688,0.746918022632599,1.37342309951782,0.917310833930969,0.197465121746063,0.0617348626255989,0.284083992242813,0.0924899354577065,0.00340453162789345,0,0.00906975381076336,0,0,0.0123157128691673,0.0135418055579066,0,0,0
0.0210702363401651,0.510816693305969,0.243157103657722,0,0,0,0.00411236146464944,0,0.0424425303936005,0.183780699968338,0.145746245980263,0,0,0,0,0.011823957785964,0.161501228809357,0.143977373838425,0.252567529678345,0.0908124148845673,0,0.040408480912447,0,0,0,0,0,0,0,0,0,0,0,0,0,0,0,0,0,0,0,0.0265924483537674,0.0273568145930767,0.0108348689973354,0.000379604840418324,0.0794356167316437,0,0
0,0,0,0,0,0.0113791190087795,0.00636009126901627,0.00743500888347626,0,0,0,0,0,0,0.000344270461937413,0,0.00328619545325637,0.00277970312163234,0,0,0,0,0.111072823405266,1.08630871772766,1.78371465206146,1.48015081882477,0.390286952257156,0,0.0226503517478704,0.00969208497554064,0.117297150194645,1.37043535709381,0.987999737262726,0.826702475547791,0.398821026086807,0.030701270326972,0.0336676985025406,0.0338878259062767,0,0.00382403889670968,0,0.00365417147986591,0.0490683801472187,0,0,0,0.00400431966409087,0.011978330090642
0,0,0.628047943115234,0.000481875991681591,0.0767945870757103,0,1.256307721138,0,0,0,0.662040829658508,0,0,0,0.0646703690290451,0,0,0,0,0,0,0.0051923543214798,0,0,0,0,0,0,0,0,0,0,0,0,0,0,0,0,0,0,0,0,0,0,0.0126658231019974,0.0412162356078625,0.0180066376924515,0
0,0,0,0,0,0,0.00524967070668936,0,0,0,0,0,0,0,0.109302774071693,0.810160994529724,0,0,0,0.0687272697687149,0,0,0.24010244011879,0.632101714611053,0,0,0,0,0,0,0,0,0,0,0,0,0,0,0,0,0,0,0,5.73251381865703e-05,0,0,0,0.0052906321361661
0,0.0130619555711746,0.0139319580048323,0,0,0.0193006359040737,0,0,0,0,0,0.0360595434904099,0.323225736618042,0.0749475806951523,0,0,0.63160640001297,0.419841289520264,0,0,1.74361455440521,1.0866813659668,0,0,0.71961909532547,0.388557255268097,0,0,1.2374415397644,0.343683421611786,0,0,0.651282250881195,0.106834784150124,0,0,0.20186784863472,0,0,0,0,0,0,0,0,0.00964086316525936,0.0061575835570693,0
0,0,0,0,0.106464266777039,0,0,0,0,0,0,0,0,0,0.400671631097794,0,0,0,1.41828095912933,0,0,0,0.660382390022278,0,0,0,0.351578801870346,0.0416178777813911,0,0,0.130898281931877,0,0,0,0.159400671720505,0.114870116114616,0,0,0,0,0.0831599831581116,0.0103536946699023,0,0.0153465243056417,0.00244893133640289,0,0.0387235060334206,0.0112400790676475
0,0,0,0,0,0,0,0,0,0,0,0,0,0,0,0,0,0,0,0,0.0844591483473778,0.364726960659027,0.0488620810210705,0.0321893580257893,0.262626111507416,0.692573308944702,0.158440962433815,0.31936314702034,0.716031849384308,0.803667664527893,0.320725083351135,0.463238149881363,0.756710112094879,0.701198816299438,0.511629223823547,0.826319694519043,0.595833659172058,0.620876610279083,0.329807311296463,0.647768318653107,0.226164489984512,0.108630433678627,0.128022640943527,0.0291108135133982,0.00108575820922852,0.0380511805415154,0.0373717471957207,0.0244804881513119
0.491223901510239,0.0441741831600666,0,0,0.36168509721756,0,0,0.00187775189988315,0.93484365940094,0,0,0,0.100437961518764,0,0,0,0,0,0,0,0,0,0,0,0,0,0.0024100486189127,0,0.00444350764155388,0,0,0,0,0,0,0,0.0249444004148245,0.0138164637610316,0,0,0.13795517385006,0.086539164185524,0.000723651784937829,0,0.0112872393801808,0.0153976827859879,0.00740757118910551,0.0535492599010468
0,0,0,0,0,0,0,0,0,0,0,0,0,0,0,0,0,0,0,0,0,0,0,0,0,0.00423532025888562,0,0,0,0.00903483107686043,0.0149273546412587,0.00583173474296927,0.127131417393684,0.348614037036896,0.251848995685577,0.145696118474007,0.601555466651917,0.757611870765686,0.427541017532349,0.613201498985291,0.0968640297651291,0.0319483727216721,0.191556006669998,0,0,0.0165625978261232,0,0
0,0,0,0,0,0,0,0.364848911762238,0,0,0,0.945094287395477,0,0,0,0.67113870382309,0,0,0,0.135627657175064,0,0,0,0,0,0,0,0,0,0,0,0,0,0,0,0,0,0,0,0,0,0,0,0,0,0.00624149385839701,0,0.0201777629554272
0,0,0,0,0,0,0,0,0,0,0,0,0,0,0,0,0,0,0.0386122278869152,0.621265530586243,0,0,0.0733569413423538,0.00451132422313094,0,0,0.319486111402512,1.01166319847107,0,0,0.0329310186207294,0.0315696708858013,0,0,0,0.340595901012421,0,0,0,0,0,0,0,0,0,0,0.00203477451577783,0
0,0,0,0,0,0,0,0,0,0,0,0,0,0,0.0253724362701178,0,0,0,0.15502467751503,0,0.241026282310486,0.260356843471527,0,0,0.23942232131958,0.361760228872299,0,0.0488626658916473,0.37860369682312,0.230736285448074,0,0,0.0433483384549618,0,0,0,0,0,0.00501464772969484,0,0,0,0,0.0119246002286673,0,0,0.00407639099285007,0.0216873828321695
0.0465656742453575,0.0260939709842205,0.0079730711877346,0.0509571954607964,0.0359250009059906,0.0224387068301439,0.0284098591655493,0.0234646834433079,0.0767697393894196,0.0410614646971226,0.014846770092845,0.0314570218324661,0.0476647987961769,0,0.0351637937128544,0.0253655016422272,0.0511013269424438,0.0126770408824086,0,0.0592628195881844,0.0643565878272057,0,0.00102584843989462,0.0228379536420107,0.0557489618659019,0.173688352108002,0,0.161176651716232,0.609322667121887,0.441077798604965,0.0298214368522167,0.11231342703104,0.654052436351776,0.253095537424088,0,0.226835995912552,0.642263829708099,0.0643624514341354,0.013981114141643,0.197991833090782,0,0,0.00260218046605587,0.00589276337996125,0,0.0124112712219357,0.00615999707952142,0.00323086115531623
0,0,0,0,0,0,0,0,0,0,0,0,0,0,0,0,0,0.0636212080717087,0,0,0,0.306950837373734,0,0.309453755617142,0.865970611572266,1.04356598854065,0.103781342506409,0.118875995278358,0.64557296037674,0.500212073326111,0,0.26256337761879,0.762406349182129,0.187234714627266,0.0429197065532207,0,0.0897877067327499,0,0.0330593287944794,0,0,0,0,0,0.00456157559528947,0.0147377224639058,0,0.000685671693645418
0,0,0.00322697916999459,0.014360724017024,0,0.0110731888562441,0,0,0.0679616779088974,0,0,0,0.942891597747803,0,0,0,0.25351482629776,0,0,0,0,0,0,0,0,0,0,0,0,0,0,0,0,0.0122371576726437,0,0,0,0.0133444843813777,0,0,0.0701374262571335,0.0189791340380907,0.00164451799355447,0.0336085259914398,0.0410265177488327,0.142127960920334,0.0309659540653229,0.0214043240994215
0.0252315513789654,0.0383683778345585,0.258495897054672,0,0.0486308261752129,0.0218330956995487,0.0235679931938648,0.00846516154706478,0.0521169118583202,0.0166345462203026,0.485315322875977,0.0157750770449638,0.050812017172575,0.0393881723284721,0.0856754928827286,0,0.0238900911062956,0.0111641408875585,0.19500458240509,0.0709685981273651,0.059267170727253,0.0569074079394341,0,0.000870337360538542,0,0,0.053537093102932,0.0570851936936378,0.0263847894966602,0,0,0,0,0,0,0,0,0,0.0412028022110462,0.00904736947268248,0,0,0,0,0.050224244594574,0.00476020947098732,0.100040651857853,0
0,0,0,0,0,0,0,0,0,0,0,0,0,0,0,0,0,0,0,0,0,0,0,0,0,0,0,0,0,0,0.0269212014973164,0,0,0,0.125422775745392,0,0,0.297248423099518,0.310579061508179,0.399559587240219,0.315876305103302,0.16264221072197,0.316466480493546,0.150095790624619,0,0.0623071901500225,0,0.197937458753586
0,0,0,0,0,0,0,0,0,0,0,0,0,0,0,0,0,0,0,0,0,0.00963372737169266,0.194503530859947,0,0,0,0.130985423922539,0.0708633214235306,0,0.053131889551878,0.227822348475456,0.0400366336107254,0,0.0457910522818565,0.329452693462372,0.718468844890594,0.317362427711487,0.344322621822357,0.101594999432564,0.63444459438324,0.0453903004527092,0,0.0506332144141197,0.0087250117212534,0.0128778368234634,0,0,0.00441970583051443
0,0,0,0,0,0,0.243205159902573,0,0,0,0.697443783283234,0,0,0,1.05543684959412,0,0,0,1.32151675224304,0.078325018286705,0,0.0746588706970215,0.276466429233551,0,0,0,0.57250052690506,0.191787838935852,0,0,0.0745898336172104,0,0,0.0542803183197975,0.163747191429138,0,0,0,0,0,0,0,0,0,0.025170024484396,0.0313977412879467,0.00932328402996063,0
0,0,0,0,0,0,0,0,0,0,0,0,0,0,0.0170964784920216,0.418366283178329,0.777820110321045,0.251295030117035,0.0874631926417351,0.0911320075392723,0,0.0687328726053238,0.131470233201981,0.447048038244247,0,0,0.0270595643669367,0.038804154843092,0,0.00487852189689875,0,0.00609533349052072,0,0.00388795137405396,0.0455097705125809,0.000529412180185318,0.00898345373570919,0.0119763966649771,0,0,0,0,0,0,0,0,0,0
0,0,0,0,0,0,0,0,0,0,0,0,0,0,0,0,0,0.035899706184864,0,0,0,0.0168399810791016,0.0145678166300058,0.153745844960213,0.152395248413086,0.654661476612091,0.22369971871376,0.112532161176205,0.338394045829773,0.094500832259655,0.178057715296745,0.204641059041023,0.495990097522736,0.314428627490997,0.268148392438889,0.313851565122604,0.0470274016261101,0.103545919060707,0.00776903703808784,0.156949877738953,0.0480922162532806,0.013536517508328,0,0.0363631173968315,0,0,0,0
0,0.0193292554467916,0.00414544995874166,0,0,0.208609253168106,0,0,0,0.955304145812988,0,0,0,0.76822566986084,0,0,0,0.634870827198029,0,0,0,0.0283578131347895,0,0,0,0,0,0.00372165068984032,0,0,0,0.00912049133330584,0,0,0.0330355279147625,0,0,0.0050982846878469,0,0.0464499965310097,0,0,0,0.00092454144032672,0.00641792034730315,0,0,0
0,0,0,0,0,0,0.0131977740675211,0.065642349421978,0,0,0,0.00636048382148147,0,0,0.0311874486505985,0.222007721662521,0.253244340419769,0.00680235400795937,0.0653576105833054,0.0165763609111309,0,0,0.0761515572667122,0.939469516277313,0.879321098327637,0.615478456020355,0.10264778137207,0.021536398679018,0.0204555802047253,0.0206437036395073,0.0250879935920238,0.345332324504852,0.243308454751968,0.093775674700737,0.0176280997693539,0,0,0,0,0,0,0,0,0,0,0,0,0
0,0,0,0,0,0,0,0,0,0,0,0,0,0,0,0,0,0,0,0,0,0,0,0.0034189778380096,0.0254604630172253,0,0,0,0,0.0081792026758194,0.0856960266828537,0.00126205722335726,0,0.0988655686378479,0.0192442741245031,0.362114429473877,0.244480937719345,0.488875716924667,0.219107821583748,0.617266893386841,0.160774946212769,0.078948862850666,0.0221732538193464,0.0998849421739578,0.0476109161973,0.00157112476881593,0.0134689779952168,0.00817145965993404
0,0,0,0,0,0,0,0,0,0,0,0,0,0,0,0,0,0,0,0,0,0.0181636475026608,0,0,0,0,0.0234870631247759,0.101283445954323,0.00490216119214892,0.0461831651628017,0.297518163919449,0.0181220639497042,0,0.149708345532417,0.358089476823807,0.517180919647217,0.396772891283035,0.181009218096733,0.402031034231186,0.397960901260376,0.00662126671522856,0,0.0138703435659409,0.0155053483322263,0.00616474449634552,0.0111506395041943,0,0.0147181274369359
0,0,0,0,0,0,0,0,0,0,0,0,0,0,0,0,0,0,0.0221628770232201,0,0,0,0.000267017807345837,0.0131954373791814,0,0.0360005609691143,0.611263394355774,0.0652230530977249,0,0,0.492622673511505,0.198171228170395,0.0144558157771826,0.508893251419067,1.15945529937744,0.431152045726776,0.26841002702713,0.096092477440834,0.37316882610321,0.304249465465546,0.0460224077105522,0.0193041265010834,0.0258071925491095,0.00917280185967684,0,0.0196349769830704,0,0.00422771601006389
0.397175014019012,0.0365227609872818,0,0,0.0462373457849026,0,0,0,0.563260436058044,0,0,0,0,0,0,0,0,0,0,0,0,0,0,0.0209999568760395,0.0278184898197651,0.00347164459526539,0,0,0.000781054026447237,0,0,0.0175884980708361,0,0.0301402918994427,0.0235886834561825,0,0,0,0,0,0.0491627082228661,0.00403774669393897,0,0.0128720551729202,0,0,0.00456569483503699,0.0548342689871788
0.0261622164398432,0.24499449133873,0.837696850299835,0.0899085327982903,0.0755616948008537,0.390455186367035,0.334137111902237,0,0.0248016323894262,0.0291329883038998,0.0629609748721123,0,0,0,0,0,0,0.0126108545809984,0.00514076417312026,0,0,0,0,0.00309779914095998,0,0,0,0.00252206926234066,0,0,0,0,0,0,0,0.0288757421076298,0.0208225212991238,0.0564602725207806,0.103675208985806,0.106477960944176,0.063513919711113,0.0883174985647202,0.118020877242088,0.0250472873449326,0.0871559455990791,0.0194612387567759,0.00212085852399468,0.0812380090355873
0.0208597872406244,0,0,0,0.0106715820729733,0,0.0269988179206848,0.0117559200152755,0,0,0.0160132106393576,0.00376284262165427,0.0268533974885941,0,0.112274743616581,1.1500723361969,0.0276344083249569,0.0991262719035149,0.0389989949762821,0.636310935020447,0,0.0743181332945824,0.725538790225983,1.12132847309113,0.0427121631801128,0.0131550105288625,0.074413888156414,0.562994539737701,0.0125509155914187,0,0.243846893310547,0.308669865131378,0,0,0.0428703837096691,0.165673166513443,0,0.0171580854803324,0,0,0,0,0,0.00159494613762945,0,0,0,0
0,0,0,0,0,0.0173972584307194,0,0,0,0.785582900047302,0,0,0.425251811742783,0.583531737327576,0,0,0.0629299879074097,0.244172006845474,0,0,0.0109422327950597,0.03622742369771,0,0,0,0,0,0,0,0,0,0,0,0,0,0,0,0,0.00992119405418634,0,0,0,0.0186594165861607,0,0,0.0211586002260447,0,0
0,0,0,0,0,0,0,0,0,0,0,0,0,0.212986558675766,0,0,0,0.500048279762268,0.0958324521780014,0,0,0.220300525426865,0,0,0,0,0,0,0,0,0,0,0,0,0,0,0,0,0,0,0,0,0,0,0.0193747393786907,0,0.00799992401152849,0.0275375302881002
0,0,0,0,0,0,0,0,0,0,0,0,0.111790396273136,0.0697877258062363,0.996353328227997,0,0.0444368049502373,0,0.525858998298645,0,0.0354053825139999,0.0783151984214783,0.648803114891052,0.0897697359323502,0.0256693307310343,0.0501430705189705,0.255119293928146,0.0163793917745352,0,0.0159690137952566,0.0648026242852211,0.0161173790693283,0,0,0.0529267191886902,0,0,0.0285015739500523,0,0,0,0,0,0.0087328627705574,0,0,0.00707679986953735,0
0.00810915883630514,0,0,0,0.0163063816726208,0,0.0225958339869976,0,0,0.0217696446925402,0.0142049491405487,0,0,0,0.0245487820357084,0.00016821306780912,0,0,0.0226320400834084,0.00455869501456618,0,0,0.0910648182034492,0.560540378093719,0,0.0543614253401756,0.0202220175415277,0.111085712909698,0,0.00384873594157398,0.118606850504875,0.589729189872742,0.0199619680643082,0.059782899916172,0.105951726436615,0.191999197006226,0.0755467563867569,0.0721119418740273,0.036178570240736,0.296759337186813,0.0181333031505346,0.0611890181899071,0.0718216672539711,0,0,0,0.00419542426243424,0
0.5385622382164,0.0467559508979321,0,0,0.102171935141087,0,0,0,0.513851344585419,0,0,0,0.598691642284393,0,0,0,0.296924322843552,0,0,0,0,0,0,0,0.0188033170998096,0.0170516762882471,0.0141527894884348,0,0,0,0,0.0195312649011612,0.00825404468923807,0.00180465972516686,0.0153614282608032,0.03000164963305,0.023219421505928,0,0.000466525554656982,0,0,0,0,0.0243689008057117,0.0159245859831572,0.0270458050072193,0,0.00081808865070343
0,0,0,0,0.0110663855448365,0,0,0,0,0,0,0,0.0261282715946436,0,0,0,0.223849579691887,0,0,0,0.548369586467743,0,0,0,0,0,0,0,0.00134115072432905,0.0483098179101944,0,0,0,0.0151163879781961,0,0,0.0797417461872101,0.0286153052002192,0,0.0261374674737453,0.058121245354414,0,0.00881248246878386,0.0582524351775646,0.00600709114223719,0,0.0239625442773104,0
0,0,0,0,0,0.030124818906188,0,0,0,0.0179054290056229,0,0.0184967238456011,0.0142523795366287,0.00116527231875807,0,0,0.039828535169363,0.0767588317394257,0,0,0.301832884550095,0.217608898878098,0,0,0.203704282641411,0.350159585475922,0,0.00688573205843568,0.579774677753448,0.317532002925873,0.0261026658117771,0,0.430004268884659,0.00280453520826995,0,0.00787095911800861,0,0,0,0,0,0,0,0,0.0188119783997536,0,0,0
0.115877129137516,0.00877069681882858,0.0689413100481033,0.0360167771577835,0.140084445476532,0.0790085345506668,0.0789244025945663,0.143491551280022,0.32612532377243,0.223755076527596,0.264627516269684,0.138999432325363,0.385828197002411,0.549037754535675,0.336772680282593,0.370634019374847,0.24707567691803,0.430822372436523,0.199248760938644,0.0684002637863159,0.277499854564667,0.273232728242874,0.0318634212017059,0.0109878396615386,0.116950854659081,0.107070460915565,0.0316653251647949,0,0.187975078821182,0.0294370204210281,0.00178949232213199,0,0.077357605099678,0,0.0169063396751881,0.037865836173296,0.00407485431060195,0.0582053959369659,0.00375952571630478,0.0549524948000908,0,0,0,0.00534632196649909,0,0.00535866478458047,0,0
0,0,0,0,0,0,0,0,0,0,0,0,0,0.0249227769672871,0,0,0,0.388192713260651,0,0.110764101147652,0.14192470908165,0.199731647968292,0,0.0139053482562304,0.0307694375514984,0.156546205282211,0,0.0313098020851612,0.096900150179863,0.147915035486221,0,0.0198575537651777,0.0359561815857887,0.00195036944933236,0.00810966454446316,0,0.0162931922823191,0,0,0,0,0,0,0,0.00841634534299374,0.020974000915885,0.00781450141221285,0.00952242035418749
0.0732602775096893,0.0420180335640907,0.0418432578444481,0.0594912990927696,0.0905937328934669,0.0183358006179333,0.0567617826163769,0.0554126501083374,0.0630460605025291,0.0394706316292286,0.0194589234888554,0.032180231064558,0.0395708978176117,0.0429570600390434,0.03493307903409,0.0438655018806458,0.0562848523259163,0.0382387451827526,0,0,0.0313346609473228,0.0649524480104446,0.0108054066076875,0,0,0,0,0,0.0536536201834679,0.0853998064994812,0.107523337006569,0.0671550631523132,0,0.184465736150742,0.089324526488781,0.52814257144928,0.197114855051041,0.292690336704254,0.225388094782829,0.429934173822403,0.0379188321530819,0.0329409763216972,0.0256018228828907,0.0510567501187325,0.0272072944790125,0,0.0120893670246005,0.00210653315298259
0,0,0,0,0,0,0,0,0,0,0.0245525911450386,0,0,0,0.389367282390594,0,0,0.00366834038868546,0.180182620882988,0,0,0,0.180354610085487,0.0315473563969135,0,0.0326530747115612,0.156169056892395,0.130514413118362,0,0.00182687374763191,0.406900584697723,0.190398424863815,0.0487076863646507,0.0581503920257092,0.409470856189728,0.26593342423439,0.0347019210457802,0.0646493583917618,0.0356749780476093,0.143902659416199,0.00884934514760971,0.022233733907342,0.00121414044406265,0.00683487812057137,0,0.000375242525478825,0.0061678453348577,0
0.00821512658149004,0.0115953851491213,0.0115591716021299,0.0243610478937626,0.0501726977527142,0.04244489595294,0,0.0221887733787298,0,0,0.016230434179306,0,0,0,0,0.0157978441566229,0.0127572473138571,0,0,0.0182101987302303,0,0,0,0,0,0,0.0517938621342182,0.0761085078120232,0,0.181962803006172,0.434905707836151,0.290753871202469,0.178685992956161,0.522983312606812,0.614807546138763,0.581526339054108,0.413416087627411,0.396922647953033,0.340406954288483,0.608272552490234,0.0866679325699806,0,0.0222720298916101,0.0421308241784573,0,0,0.00520835490897298,0
0.331253886222839,0.898167610168457,0,0.0422073192894459,0.273503839969635,0.0885832160711288,0,0.00857457984238863,0.0345285758376122,0.191694542765617,0,0,0.0517279915511608,0,0,0,0.0622179284691811,0.0575265660881996,0,0.00767559930682182,0.0677429139614105,0.0217558033764362,0,0,0,0,0,0,0.0468983836472034,0.0202971324324608,0,0,0,0,0,0,0.00731088686734438,0,0,0,0,0,0,0,0,0,0.0919783860445023,0.0237375609576702
0,0,0,0,0,0,0,0.00812280364334583,0,0,0,0,0,0,0.0354456529021263,0.221045449376106,0.00454831728711724,0,0,0,0,0,0.0839819982647896,0.644355177879333,0.168400794267654,0.0540958046913147,0,0,0,0,0.0634097009897232,0.333396136760712,0.00310392258688807,0,0,0,0,0,0.00376332690939307,0.00481265457347035,0.00850965082645416,0.00127377326134592,0,0,0,0.0203634314239025,0.0194144640117884,0
0.0301519837230444,0,0.512674272060394,0,0.041672520339489,0.00891892705112696,0.77582848072052,0,0.0159436203539371,0,0.633776068687439,0,0.023759488016367,0,0.0489673390984535,0,0.0233575068414211,0.0273160971701145,0.0139909256249666,0.0156054021790624,0.0282452460378408,0,0,0.0312616638839245,0.00350072234869003,0,0,0.0159545782953501,0.0305154658854008,0,0,0,0,0,0,0,0,0.0058422340080142,0,0,0.000152327120304108,0.019255056977272,0,0.00931988842785358,0.0394721254706383,0.000937038683332503,0,0
0.0396560095250607,0.0274136811494827,0.0595230348408222,0.00872401800006628,0.0760345533490181,0.0187023784965277,0,0.0575257167220116,0.0550766102969646,0.0287846866995096,0.112753614783287,0.0356171205639839,0.0505834743380547,0,0.065565899014473,0.0668100267648697,0.144451051950455,0.0260104779154062,0.130944907665253,0,0.0217541847378016,0.0469537675380707,0.155456349253654,0.298100560903549,0.243729636073112,0.197200015187263,0.23971962928772,0.113802395761013,0.106087006628513,0.142286196351051,0.212097644805908,0.280362248420715,0.187817081809044,0.129520401358604,0.123644635081291,0.131268575787544,0.105243027210236,0.178440690040588,0.130723774433136,0.140264049172401,0.0520801357924938,0.0535256154835224,0.0669943168759346,0.0611355826258659,0.0155183766037226,0,0.00892277900129557,0
0,0,0,0,0,0,0,0,0,0,0,0,0,0.00303856516256928,0,0,0,0.00134797091595829,0,0,0.0312779769301414,0.0406193919479847,0,0.0035023782402277,0,0.0203564167022705,0,0,0.0307234264910221,0,0,0,0.146554797887802,0.0922647267580032,0.000875494093634188,0.0341216027736664,0.371695071458817,0.129438251256943,0.0263632200658321,0.0721324607729912,0.0374169461429119,0.0428388863801956,0.0348963364958763,0.00962749309837818,0,0,0,0
0.00791330449283123,0.00593529548496008,0,0.00407188292592764,0,0,0.024526946246624,0.0112822605296969,0.0264912787824869,0,0.0155200092121959,0,0.0709411054849625,0,0.605746269226074,0,0.0316892378032207,0.0126360608264804,0.119731783866882,0,0.111800096929073,0,0,0.0326669588685036,0,0.0153006110340357,0,0,0.0075274808332324,0,0,0.00809208210557699,0.00268690777011216,0,0,0,0,0,0,0,0,0,0,0,0.0356663689017296,0,0,0
0.0227643959224224,0.178538233041763,0.0449302941560745,0.0916397422552109,0.799230575561523,0.144896969199181,0,0.0193921383470297,0,0.118400260806084,0.0429559051990509,0.0677929073572159,0.0882629379630089,0,0,0,0,0,0.00675403047353029,0,0,0,0,0,0,0,0,0,0,0,0.0348946377635002,0.0187743715941906,0,0.0390361621975899,0,0,0,0,0.0162743385881186,0,0.00196881662122905,0.00173065869603306,0,0,0.00401319470256567,0.0382646024227142,0.0239706747233868,0
0.000409564934670925,0,0.233214527368546,0.0462222695350647,0,0,0.0361685045063496,0,0,0,0,0,0,0,0,0,0,0,0,0,0,0,0,0.0275437626987696,0,0,0.0214131288230419,0.0440260842442513,0.0966360121965408,0.0493825748562813,0.0996841639280319,0.0267356149852276,0.151676177978516,0.373806029558182,0.242522388696671,0.341045588254929,0.169738724827766,0.211640477180481,0.125562384724617,0.33067923784256,0.331042021512985,0.234334707260132,0.112950146198273,0.00964272674173117,0.0277390219271183,0.0581835396587849,0.0151765076443553,0.0266768578439951
0,0,0,0,0,0.0717247501015663,0,0,0,0.00687454175204039,0,0,0,3.14204953610897e-05,0,0,0,0.00894845277070999,0,0,0,0.0062345489859581,0,0.0335023142397404,0.00871168542653322,0,0.0026853266172111,0.107913538813591,0.013369582593441,0.0309191588312387,0.0247688740491867,0.0190822742879391,0,0.0541527569293976,0.0471378080546856,0.33365398645401,0.0221513360738754,0.0835171192884445,0.0207755379378796,0.149895533919334,0,0,0,0,0.0106152668595314,0,0.0026758536696434,0.0227496270090342
0,0,0,0,0,0,0,0,0,0,0,0,0,0,0,0,0,0,0.0784023851156235,0,0,0,0.000844030058942735,0,0.0116865243762732,0.15585133433342,0.535054445266724,0.052081435918808,0,0,0.286169469356537,0.0976417362689972,0.0595588684082031,0.15973636507988,0.608181655406952,0.093419574201107,0.0435436591506004,0.109643556177616,0.131771624088287,0.111137464642525,0.0188867934048176,0.0203036479651928,0.0250188075006008,0.00316190579906106,0,0,0.00100315955933183,0
0.204993918538094,0.0415149703621864,0,0.0851186066865921,0.130076140165329,0.0416033938527107,0.0538348741829395,0.0361508242785931,0.0304756965488195,0.0257114134728909,0.028960857540369,0.0676912218332291,0.0646984651684761,0.0277168657630682,0.0477340333163738,0.0287767201662064,0.018336771056056,0,0,0.00639640539884567,0,0.0141148436814547,0.242492109537125,0,0,0,0,0,0,0.034894198179245,0.312143594026566,0.0331438258290291,0,0.0799222886562347,0.317457377910614,0.711163640022278,0.0520865544676781,0.201473474502563,0.154358342289925,0.507689774036407,0.00231580808758736,0,0.0338360965251923,0.0400242581963539,0.0150673342868686,0,0,0.0111085465177894
0.173220306634903,0.273490577936172,0,0,0.392709374427795,0.0013149157166481,0,0,0.332241714000702,0.254404932260513,0,0,0.0360505320131779,0,0,0,0.0547838620841503,0.0777905955910683,0,0,0,0.0314331576228142,0,0,0,0.00652309041470289,0,0.0166631229221821,0,0,0,0,0.00397616717964411,0,0,0,0,0,0,0,0.00519117387011647,0,0,0,0,0.00492057297378778,0.0124974111095071,0
0,0,0,0,0,0,0,0,0,0,0,0,0,0,0,0,0.136220514774323,0,0.007174969650805,0,0,0.0382574386894703,0.0589495189487934,0.233789950609207,0.282479166984558,0.0998726263642311,0.0296219475567341,0.0237246099859476,0.0188739076256752,0,0.0186759699136019,0.100400567054749,0.175973817706108,0.0995471999049187,0,0.00095027795759961,0.052411925047636,0,0,0,0.00764863099902868,0,0.00123454816639423,0,0.0300395134836435,0,0,0
0,0,0,0,0,0,0,0,0,0,0.00248617259785533,0,0,0,0,0.0157349966466427,0,0,0.0217915065586567,0.0455099046230316,0.0192334428429604,0.11107911914587,0.102219626307487,0.0341265872120857,0.0455565229058266,0.0595704838633537,0.0617376938462257,0.121134795248508,0.103248037397861,0.249651595950127,0.260457217693329,0.119095787405968,0.104373432695866,0.222243279218674,0.285487771034241,0.441926389932632,0.289547026157379,0.286272168159485,0.250082075595856,0.341273695230484,0.0413765572011471,0.0213129669427872,0.0608931854367256,0.0433669537305832,0.0340529419481754,0,0.00121772254351526,0.0127904312685132
0,0,0,0,0,0,0,0.111903369426727,0,0,0,0.30981969833374,0,0,0.0309741161763668,0.379313766956329,0,0,0,0.0557655394077301,0,0.00254172156564891,0,0,0.00960039161145687,0.0189399607479572,0.00168499886058271,0.0161820314824581,0.0460969731211662,0.0112173855304718,0.0271086487919092,0.00798848550766706,0.0170420855283737,0.0301316417753696,0,0,0.00835918262600899,0.0118601201102138,0,0,0,0.00300160935148597,0,0.0050377887673676,0,0,0.0168360862880945,0.0342887453734875
0.0329106487333775,0.0108134914189577,0.0250558461993933,0,0.0790837928652763,0.0519106164574623,0.0556654445827007,0.000780481845140457,0.0592042207717896,0.0425799340009689,0.0787822604179382,0.0188864395022392,0.070683941245079,0.0364331379532814,0.0758881717920303,0.0132804345339537,0.0757276341319084,0.0504644326865673,0,0.0280175916850567,0.157509490847588,0.118175528943539,0.0147160198539495,0,0.0218596961349249,0.0836439579725266,0,0.0163990221917629,0.35619592666626,0.0924533680081367,0,0,0.0492838956415653,0.009712228551507,0,0,0.0144152315333486,0.00627341866493225,0,0.0266222469508648,0.00714524695649743,0.0201744642108679,0.029687512665987,0,0.0160523373633623,0,0,0
0,0,0,0,0,0.0124089857563376,0,0,0,0.0696776062250137,0,0,0,0.282204806804657,0,0,0.12027932703495,0.125334471464157,0,0,0.166884809732437,0,0.0203958600759506,0.00423615053296089,0.0103695839643478,0,0,0.00383150461129844,0,0,0,0,0,0.00810443889349699,0,0,0,0,0,0,0,0,0.00114174303598702,0,0,0.0350455828011036,0.000701309065334499,0
0.258082926273346,0.0893963351845741,0.119185924530029,0.196223184466362,0.281832993030548,0.109181463718414,0.0772965848445892,0.155245035886765,0.556190073490143,0.116414524614811,0.105366326868534,0.105023935437202,0.176792442798615,0.0903234034776688,0.0825516432523727,0.0963653922080994,0.145313516259193,0.0167091283947229,0.0300751477479935,0.0556781776249409,0.101496353745461,0.0309910774230957,0,0,0.00296736438758671,0.00474575348198414,0,0.00529575394466519,0.0200527273118496,0,0,0,0.00140739418566227,0,0,0.0134813832119107,0.028493870049715,0.00578684266656637,0.00991231389343739,0.00920895300805569,0.0188301522284746,0.00239187106490135,0.0122084049507976,0,0.0140654817223549,0.0133354365825653,0.00304324785247445,0.0319491103291512
0,0,0.00383981759659946,0,0,0,0,0,0.0490299947559834,0,0,0.0376043096184731,0,0,0.0998438447713852,0,0,0,0.265125036239624,0,0.0078760739415884,0,0.159324422478676,0,0,0,0.0707616955041885,0,0,0,0.0236218236386776,0.00959782861173153,0,0,0,0,0,0,0,0,0,0,0,0,0.021115755662322,0.00543570285663009,0.0669211745262146,0.0019577220082283
0,0,0,0,0,0,0,0,0,0.0300279296934605,0.0133498907089233,0,0.0175063796341419,0,0.0387427918612957,0.0726278871297836,0.12254886329174,0.10383627563715,0.210130646824837,0.123280510306358,0.0496903620660305,0.058302141726017,0.140984818339348,0.27508407831192,0.305842161178589,0.291294813156128,0.2579245865345,0.115258082747459,0.0930676907300949,0.135246425867081,0.181309387087822,0.314955621957779,0.224269777536392,0.212498098611832,0.268342435359955,0.250962793827057,0.174711212515831,0.288597166538239,0.191266417503357,0.29876247048378,0.170057117938995,0.112869814038277,0.110278561711311,0.0670841187238693,0,0,0.0204322393983603,0
0,0.0453811548650265,0.0508661046624184,0,0.0355245359241962,0,0,0,0,0,0.0487800613045692,0,0,0.0064421035349369,0,0,0,0,0.0919104889035225,0,0,0,0.0717858076095581,0.0803106650710106,0.012988343834877,0.00613260408863425,0.0716235190629959,0.0501483306288719,0,0,0.0870703309774399,0.083178237080574,0.010723409242928,0.00492362398654222,0.193217992782593,0.264080703258514,0.0468249134719372,0.196630790829659,0.187874376773834,0.198293820023537,0.125810593366623,0.108761861920357,0.154588595032692,0.0715337842702866,0.0303269065916538,0.0270526353269815,0.00762559566646814,0
0.05045136064291,0,0,0,0.0707655102014542,0,0,0.172711133956909,0.581314921379089,0.107443168759346,0,0.340861231088638,0.503826320171356,0.461762011051178,0.032950147986412,0.403340965509415,0.448537677526474,0.498889207839966,0,0,0.317643612623215,0.673703074455261,0.142155736684799,0.171862989664078,0.729088962078094,0.566327333450317,0.00769327720627189,0,0.254468321800232,0.130418583750725,0,0.0275788865983486,0.036032821983099,0,0,0,0,0,0,0,0,0,0,0,0,0,0,0
0.0613598041236401,0,0.0618943050503731,0.06832654774189,0,0,0,0.16108600795269,0.0458084940910339,0.064830407500267,0.0236834790557623,0.471861451864243,0.074934758245945,0.293226778507233,0.0613550916314125,0.342443883419037,0,0.138346776366234,0,0.0998960733413696,0.0427460409700871,0.0512175261974335,0,0,0.00109057943336666,0,0,0,0.0622410289943218,0,0,0,0.0183794014155865,0,0,0,0,0,0,0,0,0,0,0,0,0,0,0
0.0289959255605936,0.0335966423153877,0.0542668476700783,0,0.0218176543712616,0.0501301661133766,0.0782952532172203,0.0249880012124777,0.0324057452380657,0.00153254834003747,0.12302166223526,0.036759652197361,0,0.0203943178057671,0.0851714760065079,0.156781852245331,0.0638296231627464,0.096287339925766,0.109648331999779,0.211796209216118,0.0576859638094902,0.124560095369816,0.167490035295486,0.297349154949188,0.205960839986801,0.215432077646255,0.193141981959343,0.103350177407265,0.13457553088665,0.0830680429935455,0.0688043087720871,0.168765068054199,0.125736027956009,0.102625951170921,0,0,0.0601624324917793,0.00281231012195349,0,0,0.0458678789436817,0.064389556646347,0.0412240698933601,0,0.0154848117381334,0,0.0144772175699472,0
0,0,0.00113148835953325,0,0,0,0,0,0,0,0.0468930825591087,0,0,0.114862993359566,0,0,0.206245854496956,0.401591598987579,0.18209382891655,0.00232320139184594,0.363087743520737,0.406822293996811,0.184737294912338,0.265389263629913,0.370566010475159,0.468991100788116,0.246998190879822,0.12684690952301,0.401139825582504,0.320629864931107,0.0939639508724213,0.269913911819458,0.474107921123505,0.216273307800293,0.112094484269619,0.216551586985588,0.256566137075424,0.13761767745018,0.0951958075165749,0.206574395298958,0.0793633610010147,0.0716640278697014,0.0847539380192757,0.0556343123316765,0.055682796984911,0,0.0188123099505901,0.0116352764889598
0.0699163526296616,0.180580779910088,0.13465316593647,0.0332800671458244,0.197462111711502,0.0500805079936981,0.0313318520784378,0,0.0101169738918543,0.0500593781471252,0.0517417266964912,0,0,0.00462653487920761,0.0434859171509743,0,0,0.00561883114278316,0.0303851962089539,0,0,0.0312106423079967,0.110523000359535,0.205876067280769,0.180706053972244,0.177555620670319,0.121768474578857,0.0190938077867031,0.0494801290333271,0.0557194873690605,0.178575783967972,0.203693747520447,0.179049342870712,0.191001445055008,0.168032810091972,0.205810576677322,0.138572245836258,0.176015824079514,0.154391765594482,0.327742904424667,0.112240217626095,0.0292659997940063,0.0662953704595566,0.0195410251617432,0,0,0.0299120992422104,0
0,0,0,0,0,0,0,0,0,0,0,0.279937565326691,0.18823005259037,0.296742260456085,0,0.122386895120144,0.100377060472965,0.303368180990219,0,0.0171590764075518,0.296006113290787,0.160013645887375,0,0,0.0547853820025921,0,0,0,0.160449787974358,0.0394520983099937,0,0,0.0554119162261486,0,0,0,0,0,0,0,0,0,0,0,3.69083136320114e-06,0.0154312672093511,0.0092064943164587,0.0167648680508137
0.0762655436992645,0.0786166787147522,0.142676666378975,0.164340883493423,0,0.0134630305692554,0.0882932990789413,0.0596103258430958,0.246118783950806,0.00914250686764717,0.00743132550269365,0.028290793299675,0.115552209317684,0,0.0159945785999298,0.0351549126207829,0.346338897943497,0.0177800543606281,0,0.101760029792786,0.227392628788948,0.0869874432682991,0.107288457453251,0.377658277750015,0.388460785150528,0.347076833248138,0.185878694057465,0.0641735717654228,0.195010080933571,0.261340796947479,0.463076740503311,0.339603662490845,0.200440257787704,0.235149711370468,0.231605842709541,0.460987985134125,0.35263380408287,0.355197370052338,0.3307965695858,0.455282926559448,0.26598584651947,0.169567301869392,0.0791751742362976,0.0540581457316875,0,0.0345639139413834,0.0948026105761528,0
0.0682782158255577,0.114449359476566,0.177352741360664,0.0959029644727707,0.154376804828644,0.170046359300613,0.217325955629349,0.214385360479355,0.150910228490829,0.107691906392574,0.219478443264961,0.12380838394165,0.329529941082001,0.183826982975006,0.240002244710922,0.10622700303793,0.361005216836929,0.139798924326897,0.190848082304001,0.0933999866247177,0.360464930534363,0.135367125272751,0.0734676271677017,0,0.14056321978569,0.0609659478068352,0.0931458473205566,0.0558807551860809,0.187807530164719,0.115489974617958,0.0873987078666687,0.00179110909812152,0.10553477704525,0.0597619116306305,0.137819096446037,0.204729124903679,0.127540320158005,0.114542886614799,0.0808643400669098,0.207922726869583,0.0150795010849833,0,0,0.0026588246691972,0,0,0,0
0.0763174518942833,0.114514991641045,0.140987724065781,0,0,0.185831144452095,0.517330527305603,0,0,0.0323089137673378,0.666804790496826,0,0,0.168127149343491,0.87656581401825,0,0,0,0.808374881744385,0.0647352188825607,0,0.143996462225914,0.451300084590912,0.0522084645926952,0,0,0.449256360530853,0.0421953573822975,0,0,0.184695199131966,0.0615681335330009,0,0,0.216602951288223,0.0887127369642258,0.0762439593672752,0.0647883266210556,0.0632441714406013,0.0568198971450329,0.0716160982847214,0.138246491551399,0.105225786566734,0.00618705153465271,0.171672850847244,0,0,0.00371834635734558
0.0267321020364761,0.118478178977966,0,0,0,0.101549506187439,0.0186391528695822,0,0.0296434815973043,0.0110122412443161,6.4904241298791e-05,0.0128493057563901,0.125501200556755,0,0.417044937610626,0,0.014135817065835,0,0.141872435808182,0,0.0161006469279528,0,0.141867756843567,0,0.0849000588059425,0.0734106749296188,0.127473428845406,0,0.0954787284135818,0.112360671162605,0.0157723464071751,0,0.0981495976448059,0,0.0797061026096344,0.00168320839293301,0.0142420055344701,0,0.0314433835446835,0.0181281901896,0,0,0,0,0,0.00250293198041618,0,0
0.0731678381562233,0.142805844545364,0.0732944905757904,0.0560582056641579,0.1386938393116,0.0754099637269974,0.100306913256645,0.118512250483036,0,0.16686175763607,0.129269391298294,0,0.0548375733196735,0.110271111130714,0.0147870387881994,0,0.00121256860438734,0.0584705285727978,0,0,0,0,0,0.0360505171120167,0,0.0246427673846483,0,0,0.0645410418510437,0.0582345202565193,0,0.0616187267005444,0.0127421366050839,0.0414121225476265,0.0224767904728651,0.252742439508438,0.0146158393472433,0.122816406190395,0.092591717839241,0.150782391428947,0.00886304955929518,0.0527140907943249,0.0170560628175735,0.039313979446888,0.0533369556069374,0.00691345054656267,0,0
0.0196603294461966,0,0,0.189305275678635,0.0401161201298237,0.181083127856255,0.192967861890793,0.588549017906189,0.296399146318436,0.503033638000488,0.134441748261452,0.631171226501465,0.354600548744202,1.04149615764618,0.1080521941185,0.778625965118408,0.640610992908478,1.17634403705597,0.0937836766242981,0.498224586248398,0.541729927062988,0.787600159645081,0.0411131083965302,0.0823005139827728,0.561842024326324,0.705884099006653,0.0678726583719254,0.143297389149666,0.575711131095886,0.318154871463776,0,0.0628509297966957,0.364118337631226,0.0992663130164146,0.0831258967518806,0.0415815077722073,0,0,0.00012829527258873,0,0,0,0,0.0859257876873016,0,0,0,0
0,0,0,0,0.0304339975118637,0,0,0,0.001654650317505,0,0.034865103662014,0,0.0147283580154181,0.0216714050620794,0.0520762093365192,0.0405562408268452,0.0943367853760719,0.0805584937334061,0.0678398162126541,0.0484776683151722,0.0586480088531971,0.0731988325715065,0.115735933184624,0.201333925127983,0.22502276301384,0.180199086666107,0.132785856723785,0.00623535457998514,0.11596317589283,0.097418338060379,0.133908152580261,0.191498309373856,0.211515352129936,0.144284203648567,0.22394235432148,0.223179891705513,0.182572603225708,0.227552503347397,0.178112104535103,0.266350656747818,0.120989844202995,0.107096791267395,0.101497784256935,0.0215103030204773,0,0,0.0249057170003653,0
0,0,0,0,0,0.0256348140537739,0,0,0.0197858046740294,0.094026692211628,0.131421282887459,0,0.116662122309208,0.0200202893465757,0.0719963759183884,0.0492224581539631,0.204106330871582,0.0932205468416214,0.158825635910034,0.0900100618600845,0.148859709501266,0.08852618932724,0.167542591691017,0.185040637850761,0.20898112654686,0.154301419854164,0.175052285194397,0.103150092065334,0.12104295194149,0.12363213300705,0.0596923716366291,0.136944741010666,0.190167352557182,0.156903803348541,0.225764393806458,0.279580116271973,0.167804747819901,0.268842190504074,0.174654886126518,0.290017187595367,0.0890931859612465,0.107463859021664,0.118526615202427,0.0704638957977295,0,0,0.00261702388525009,0
0.0348352678120136,0.124023534357548,0,0,0.152263045310974,0.0458738431334496,0,0,0.295634001493454,0.109926305711269,0,0,0.18334886431694,0,0.0257919616997242,0.00916113890707493,0.288763970136642,0.033767856657505,0.13678465783596,0,0.205474406480789,0.00816759187728167,0.0767669454216957,0.183749184012413,0.393761694431305,0.323827654123306,0.0822726860642433,0.0254564397037029,0.150581151247025,0.0492129363119602,0.217121720314026,0.392312377691269,0.438998758792877,0.317350327968597,0.255727171897888,0.267691433429718,0.251369565725327,0.196103170514107,0.192387491464615,0.328954577445984,0.0226103328168392,0,0,0,0,0,0.0071607967838645,0
0,0.00291545758955181,0.0203928146511316,0.0400706715881824,0.0196318589150906,0.0298328939825296,0,0.0747560411691666,0,0.136360123753548,0.073271669447422,0.0943437963724136,0.090331606566906,0.0875567048788071,0.110685683786869,0.225509613752365,0.168873101472855,0.286837488412857,0.206434816122055,0.173432201147079,0.135304927825928,0.225856944918633,0.230214208364487,0.386492967605591,0.415676116943359,0.438912689685822,0.230588272213936,0.147933825850487,0.200800806283951,0.187144219875336,0.291973054409027,0.368437856435776,0.395009338855743,0.319160044193268,0.308263897895813,0.344750225543976,0.259199649095535,0.256407886743546,0.188181817531586,0.292592287063599,0.056670106947422,0.0526118651032448,0.0591134242713451,0.0689435452222824,0,0,0,0
0,0.03067821636796,0.0162835195660591,0.0144038051366806,0,0,0,0,0,0,0.0629326850175858,0,0,0,0.0112968478351831,0,0,0,0.0324284806847572,0,0,0,0.0406875386834145,0.147384941577911,0.121814012527466,0.104016877710819,0.134958565235138,0.0683793798089027,0.0554840452969074,0.0406802110373974,0.121761307120323,0.303931534290314,0.214206174015999,0.213034316897392,0.0722500532865524,0.056824117898941,0.127483457326889,0.0447214730083942,0.0469933748245239,0,0.0343070365488529,0.0151107832789421,0,0.0515380501747131,0.0475636199116707,0.0102631840854883,0,0.00595637410879135
